serial_number,data_units_written_bytes,physical_size,power_on_hours,dwpd
CVF8527500094P0DGN-1,121897155584000,1600319143936,22348,0.0818011765404
CVF8527500094P0DGN-2,121899697664000,1600319143936,22348,0.0818028824467
CVF85275000L4P0DGN-1,61725180416000,1600319143936,22346,0.0414254480851
CVF85275000L4P0DGN-2,61720625152000,1600319143936,22346,0.0414223909235
CVF85275000W4P0DGN-1,68036340736000,1600319143936,22334,0.0456855730566
CVF85275000W4P0DGN-2,68030389248000,1600319143936,22334,0.045681576705
CVF8527600014P0DGN-1,63041256448000,1600319143936,22395,0.04221613157
CVF8527600014P0DGN-2,63040848384000,1600319143936,22394,0.0422177434478
CVF85276000E4P0DGN-1,108264650240000,1600319143936,20953,0.0774899008799
CVF85276000E4P0DGN-2,108268177920000,1600319143936,22339,0.0726844889111
CVF85276000F4P0DGN-1,78572472832000,1600319143936,22279,0.0528907066087
CVF85276000F4P0DGN-2,78572805120000,1600319143936,22278,0.0528933044197
CVF85276000G4P0DGN-1,130363326976000,1600319143936,22343,0.0875021232013
CVF85276000G4P0DGN-2,130366203392000,1600319143936,22343,0.0875040539016
CVF85276000L4P0DGN-1,67144596480000,1600319143936,22340,0.0450746684131
CVF85276000L4P0DGN-2,67152310784000,1600319143936,22340,0.045079847083
CVF85276000X4P0DGN-1,121486324224000,1600319143936,22346,0.0815327777623
CVF85276000X4P0DGN-2,121487319040000,1600319143936,22345,0.0815370942555
CVF8527600184P0DGN-1,63043021824000,1600319143936,22395,0.0422173137695
CVF8527600184P0DGN-2,63038381568000,1600319143936,22395,0.0422142063813
CVF85276001C4P0DGN-1,65090931200000,1600319143936,22362,0.0436530389249
CVF85276001C4P0DGN-2,65093712384000,1600319143936,22362,0.0436549041176
CVF85276001D4P0DGN-1,66605343232000,1600319143936,22319,0.044754733937
CVF85276001D4P0DGN-2,66608074752000,1600319143936,22318,0.0447585747544
CVF85276001E4P0DGN-1,69771432960000,1600319143936,22330,0.0468590587411
CVF85276001E4P0DGN-2,69766285824000,1600319143936,22330,0.046855601883
CVF85276001H4P0DGN-1,69411500032000,1600319143936,22336,0.0466048023131
CVF85276001H4P0DGN-2,69413328896000,1600319143936,22336,0.046606030263
CVF85276001Y4P0DGN-1,76566096896000,1600319143936,22355,0.0513649033918
CVF85276001Y4P0DGN-2,76561057280000,1600319143936,22355,0.05136152253
CVF85276001Z4P0DGN-1,70999988736000,1600319143936,22355,0.0476308406735
CVF85276001Z4P0DGN-2,70999124992000,1600319143936,22355,0.0476302612247
CVF8527600284P0DGN-1,86549285888000,1600319143936,13623,0.0952786013884
CVF8527600284P0DGN-2,86549465600000,1600319143936,13623,0.0952787992261
CVF85280000C4P0DGN-1,63904428544000,1600319143936,22352,0.0428764882729
CVF85280000C4P0DGN-2,63904665088000,1600319143936,22352,0.0428766469814
CVF85280000N4P0DGN-1,71001722880000,1600319143936,22356,0.0476298734222
CVF85280000N4P0DGN-2,71001171456000,1600319143936,22356,0.0476295035121
CVF85280000S4P0DGN-1,123354358272000,1600319143936,22312,0.0829126198727
CVF85280000S4P0DGN-2,123357936128000,1600319143936,22312,0.0829150247283
CVF85280000Z4P0DGN-1,65099887104000,1600319143936,22324,0.0437333617724
CVF85280000Z4P0DGN-2,65095395840000,1600319143936,22325,0.0437283857865
CVF8528000114P0DGN-1,76516023808000,1600319143936,22356,0.0513290154227
CVF8528000114P0DGN-2,76507690496000,1600319143936,22355,0.0513257210485
CVF8528000124P0DGN-1,66802897408000,1600319143936,22352,0.0448212074276
CVF8528000124P0DGN-2,66802198016000,1600319143936,22352,0.0448207381726
CVF8528000144P0DGN-1,122288361984000,1600319143936,22347,0.0820673745504
CVF8528000144P0DGN-2,122290104832000,1600319143936,22346,0.0820722167987
CVF85280001D4P0DGN-1,66234995712000,1600319143936,22379,0.0443865589074
CVF85280001D4P0DGN-2,66239768064000,1600319143936,22379,0.0443897570398
CVF85280001L4P0DGN-1,66237923328000,1600319143936,22378,0.0443905043914
CVF85280001L4P0DGN-2,66234679296000,1600319143936,22378,0.0443883303466
CVF8528000214P0DGN-1,69767148544000,1600319143936,22330,0.0468561812927
CVF8528000214P0DGN-2,69768623616000,1600319143936,22329,0.0468592704525
CVF8528000264P0DGN-1,125097015808000,1600319143936,22315,0.0840726428274
CVF8528000264P0DGN-2,125089662464000,1600319143936,22314,0.0840714684292
CVF8528000294P0DGN-1,125302174720000,1600319143936,22274,0.0843655290772
CVF8528000294P0DGN-2,125304877568000,1600319143936,22274,0.0843673488956
CVF85280002D4P0DGN-1,69418080768000,1600319143936,22336,0.0466092208014
CVF85280002D4P0DGN-2,69412366336000,1600319143936,22336,0.0466053839736
CVF85280002E4P0DGN-1,68031337984000,1600319143936,22334,0.0456822137696
CVF85280002E4P0DGN-2,68036104192000,1600319143936,22334,0.0456854142202
CVF85280002H4P0DGN-1,44836932096000,1600319143936,15079,0.0445931333139
CVF85280002H4P0DGN-2,44835947520000,1600319143936,15079,0.0445921540915
CVF85280002P4P0DGN-1,63510398976000,1600319143936,22351,0.0426140217908
CVF85280002P4P0DGN-2,63509710848000,1600319143936,22350,0.0426154667197
CVF85280002R4P0DGN-1,62143343616000,1600319143936,22316,0.0417621554054
CVF85280002R4P0DGN-2,62149983744000,1600319143936,22315,0.0417684894503
CVF85280002T4P0DGN-1,130364454400000,1600319143936,22343,0.0875028799479
CVF85280002T4P0DGN-2,130364942336000,1600319143936,22343,0.087503207459
CVF85280002X4P0DGN-1,121822406656000,1600319143936,22361,0.0817034874561
CVF85280002X4P0DGN-2,121824363520000,1600319143936,22361,0.0817047998798
CVF8528000324P0DGN-1,120811943424000,1600319143936,22345,0.0810838110183
CVF8528000324P0DGN-2,120811208192000,1600319143936,22346,0.0810796890237
CVF85280003G4P0DGN-1,64301080576000,1600319143936,22322,0.0432006029845
CVF85280003G4P0DGN-2,64302591488000,1600319143936,22322,0.0432016180889
CVF85280003H4P0DGN-1,73526745600000,1600319143936,22314,0.0494165652833
CVF85280003H4P0DGN-2,73526106624000,1600319143936,22314,0.0494161358341
CVF85280003W4P0DGN-1,125305635840000,1600319143936,22275,0.0843640718793
CVF85280003W4P0DGN-2,125303370240000,1600319143936,22275,0.084362546527
CVF8528000424P0DGN-1,64328485888000,1600319143936,22350,0.0431648705826
CVF8528000424P0DGN-2,64330677760000,1600319143936,22350,0.0431663413442
CVF8528000454P0DGN-1,123355606016000,1600319143936,22311,0.0829171748029
CVF8528000454P0DGN-2,123354940928000,1600319143936,22311,0.082916727744
CVF8528100114P0DGN-1,71538472960000,1600319143936,22316,0.0480759587653
CVF8528100114P0DGN-2,71537167360000,1600319143936,22316,0.0480750813636
CVF8528100164P0DGN-1,64331351040000,1600319143936,22350,0.0431667931199
CVF8528100164P0DGN-2,64330347008000,1600319143936,22350,0.0431661194073
CVF85281001A4P0DGN-1,79613346816000,1600319143936,22340,0.0534450335115
CVF85281001A4P0DGN-2,79618705408000,1600319143936,22339,0.0534510233895
CVF8528100264P0DGN-1,126311429120000,1600319143936,22326,0.0848469762431
CVF8528100264P0DGN-2,126309451264000,1600319143936,22326,0.0848456476611
CVF8528300044P0DGN-1,120625124352000,1600319143936,22305,0.0811036103999
CVF8528300044P0DGN-2,120624975360000,1600319143936,22304,0.0811071465
CVF85283000J4P0DGN-1,35151418368000,1600319143936,15065,0.0349927729406
CVF85283000J4P0DGN-2,35147954688000,1600319143936,15065,0.0349893248929
CVF85283000M4P0DGN-1,47467735040000,1600319143936,15056,0.0472817502441
CVF85283000M4P0DGN-2,47467093504000,1600319143936,15056,0.0472811112217
CVF85283001C4P0DGN-1,120812116480000,1600319143936,22345,0.0810839271661
CVF85283001C4P0DGN-2,120814099456000,1600319143936,22345,0.0810852580548
CVF85283001M4P0DGN-1,82730747392000,1600319143936,22313,0.0556049716293
CVF85283001M4P0DGN-2,82734435328000,1600319143936,22313,0.0556074503641
CVF85283001Q4P0DGN-1,121900056064000,1600319143936,22348,0.0818031229572
CVF85283001Q4P0DGN-2,121892319232000,1600319143936,22347,0.0818015913774
CVF85293000R4P0DGN-1,73705545216000,1600319143936,22327,0.0495078916609
CVF85293000R4P0DGN-2,73710720000000,1600319143936,22326,0.0495135852098
CVF8529500054P0DGN-1,62689802752000,1600319143936,22325,0.0421124081702
CVF8529500054P0DGN-2,62691174400000,1600319143936,22325,0.0421133295864
CVF8529500084P0DGN-1,68866633216000,1600319143936,22350,0.0462099996478
CVF8529500084P0DGN-2,68861536768000,1600319143936,22351,0.046204512579
CVF8530600064P0DGN-1,71196643840000,1600319143936,22329,0.0478183833376
CVF8530600064P0DGN-2,71196947968000,1600319143936,22329,0.0478185876016
CVF8530600074P0DGN-1,59549411328000,1600319143936,22354,0.0399509275806
CVF8530600074P0DGN-2,59545792000000,1600319143936,22354,0.0399484994204
CVF8530600084P0DGN-1,74071253504000,1600319143936,22352,0.0496978895608
CVF8530600084P0DGN-2,74070365696000,1600319143936,22352,0.0496972938886
CVF85306000B4P0DGN-1,76389405184000,1600319143936,22311,0.0513474325756
CVF85306000B4P0DGN-2,76382035968000,1600319143936,22311,0.0513424791358
CVF85306000D4P0DGN-1,72916981248000,1600319143936,22353,0.0489212453132
CVF85306000D4P0DGN-2,72912974336000,1600319143936,22353,0.0489185570077
CVF85306000H4P0DGN-1,66605186560000,1600319143936,22318,0.0447566339783
CVF85306000H4P0DGN-2,66606060032000,1600319143936,22318,0.0447572209246
CVF85306000P4P0DGN-1,79073824256000,1600319143936,22328,0.0531113769332
CVF85306000P4P0DGN-2,79067700224000,1600319143936,22328,0.0531072636153
CVF8530600114P0DGN-1,126707537408000,1600319143936,22314,0.0851588254466
CVF8530600114P0DGN-2,126710959104000,1600319143936,22314,0.0851611251331
CVF8530600124P0DGN-1,108261693952000,1600319143936,22339,0.0726801359801
CVF8530600124P0DGN-2,108265531904000,1600319143936,22339,0.0726827125413
CVF8530600164P0DGN-1,67634983424000,1600319143936,22366,0.045351087793
CVF8530600164P0DGN-2,67637068800000,1600319143936,22365,0.0453545139271
CVF85306001A4P0DGN-1,70305484288000,1600319143936,22354,0.0471670374009
CVF85306001A4P0DGN-2,70305868288000,1600319143936,22354,0.0471672950215
CVF85306001C4P0DGN-1,113378392064000,1600319143936,22289,0.0762859133816
CVF85306001C4P0DGN-2,113375786496000,1600319143936,22289,0.0762841602422
CVF85306001E4P0DGN-1,65228688384000,1600319143936,22347,0.0437747886568
CVF85306001E4P0DGN-2,65230169088000,1600319143936,22347,0.0437757823531
CVF85306001F4P0DGN-1,63924387840000,1600319143936,22323,0.0429455985132
CVF85306001F4P0DGN-2,63925983744000,1600319143936,22323,0.0429466706713
CVF85306001X4P0DGN-1,69904908800000,1600319143936,22339,0.046929787368
CVF85306001X4P0DGN-2,69902130176000,1600319143936,22339,0.0469279219734
CVF8530600204P0DGN-1,122167254016000,1600319143936,22321,0.082081598577
CVF8530600204P0DGN-2,122167182848000,1600319143936,22321,0.0820815507607
CVF8530600214P0DGN-1,125236852736000,1600319143936,22345,0.0840536209581
CVF8530600214P0DGN-2,125240102400000,1600319143936,22345,0.0840558019936
CVF8530600224P0DGN-1,66766079488000,1600319143936,22325,0.044850681736
CVF8530600224P0DGN-2,66765169152000,1600319143936,22326,0.0448480613384
CVF8530600234P0DGN-1,30624115200000,1600319143936,22312,0.0205839960427
CVF8530600234P0DGN-2,30623985152000,1600319143936,22312,0.0205839086309
CVF8530600254P0DGN-1,121823866368000,1600319143936,22362,0.0817008127323
CVF8530600254P0DGN-2,121824905216000,1600319143936,22362,0.0817015094326
CVF8530600264P0DGN-1,79147110912000,1600319143936,22317,0.0531868039959
CVF8530600264P0DGN-2,79145238016000,1600319143936,22317,0.053185545411
CVF85306002C4P0DGN-1,27524590592000,1600319143936,22299,0.0185114364964
CVF85306002C4P0DGN-2,27522843648000,1600319143936,22299,0.0185102616036
CVF85306002D4P0DGN-1,70845976064000,1600319143936,22355,0.0475275201917
CVF85306002D4P0DGN-2,70842662912000,1600319143936,22355,0.0475252975404
CVF85306002E4P0DGN-1,67397282304000,1600319143936,22356,0.0452119173301
CVF85306002E4P0DGN-2,67423332864000,1600319143936,22355,0.0452314159832
CVF85306002F4P0DGN-1,66078509568000,1600319143936,22318,0.044402723261
CVF85306002F4P0DGN-2,66080408064000,1600319143936,22318,0.0444039989918
CVF85306002J4P0DGN-1,66484651520000,1600319143936,22351,0.0446096770657
CVF85306002J4P0DGN-2,66489982976000,1600319143936,22351,0.0446132543504
CVF85306002K4P0DGN-1,66003933184000,1600319143936,22367,0.0442554457488
CVF85306002K4P0DGN-2,66003781632000,1600319143936,22367,0.0442553441337
CVF85306002L4P0DGN-1,73706541568000,1600319143936,22327,0.0495085609089
CVF85306002L4P0DGN-2,73703402496000,1600319143936,22327,0.0495064523995
CVF85306002N4P0DGN-1,61882077184000,1600319143936,22354,0.0415158828439
CVF85306002N4P0DGN-2,61878897152000,1600319143936,22354,0.0415137494017
CVF85306002X4P0DGN-1,67755627008000,1600319143936,22327,0.0455113415348
CVF85306002X4P0DGN-2,67754444288000,1600319143936,22327,0.0455105471037
CVF8530600304P0DGN-1,61882172416000,1600319143936,22354,0.0415159467338
CVF8530600304P0DGN-2,61879399936000,1600319143936,22354,0.041514086713
CVF8530600314P0DGN-1,74358059520000,1600319143936,22363,0.0498657809666
CVF8530600314P0DGN-2,74359468544000,1600319143936,22363,0.0498667258821
CVF8530600374P0DGN-1,65066209280000,1600319143936,22346,0.0436677034633
CVF8530600374P0DGN-2,65062030336000,1600319143936,22346,0.0436648988603
CVF85306003F4P0DGN-1,62148232704000,1600319143936,22316,0.0417654410164
CVF85306003F4P0DGN-2,62144224768000,1600319143936,22316,0.0417627475654
CVF85306003L4P0DGN-1,102284804608000,1600319143936,14638,0.104793421002
CVF85306003L4P0DGN-2,102289202688000,1600319143936,14638,0.104797926949
CVF8530600424P0DGN-1,62185341440000,1600319143936,22320,0.0417828898636
CVF8530600424P0DGN-2,62180938752000,1600319143936,22321,0.041778059881
CVF8530600434P0DGN-1,69269079552000,1600319143936,22389,0.0463990791593
CVF8530600434P0DGN-2,69271602176000,1600319143936,22389,0.0464007689094
CVF8530600444P0DGN-1,54333243904000,1600319143936,22319,0.0365086306423
CVF8530600444P0DGN-2,54330057728000,1600319143936,22319,0.036506489726
CVF8530600464P0DGN-1,78395900928000,1600319143936,22317,0.0526819914042
CVF8530600464P0DGN-2,78390391296000,1600319143936,22317,0.0526782889353
CVF8530600494P0DGN-1,66807286784000,1600319143936,22353,0.0448221471807
CVF8530600494P0DGN-2,66803330560000,1600319143936,22352,0.0448214980496
CVF85306004E4P0DGN-1,82738789888000,1600319143936,22313,0.05561037715
CVF85306004E4P0DGN-2,82737113600000,1600319143936,22313,0.0556092504836
CVF8530600524P0DGN-1,71756691968000,1600319143936,22310,0.0482355772367
CVF8530600524P0DGN-2,71758377984000,1600319143936,22309,0.0482388728023
CVF8530600534P0DGN-1,67658583040000,1600319143936,22353,0.045393296346
CVF8530600534P0DGN-2,67660414464000,1600319143936,22352,0.0453965559728
CVF8530600574P0DGN-1,63905602048000,1600319143936,22352,0.042877275632
CVF8530600574P0DGN-2,63905159680000,1600319143936,22352,0.0428769788265
CVF85306005E4P0DGN-1,126313476608000,1600319143936,22326,0.084848351599
CVF85306005E4P0DGN-2,126316159488000,1600319143936,22326,0.0848501537658
CVF85306005F4P0DGN-1,65978307584000,1600319143936,22386,0.0442007168641
CVF85306005F4P0DGN-2,65981038080000,1600319143936,22386,0.0442025460999
CVF85306005M4P0DGN-1,125232462848000,1600319143936,22319,0.0841485875317
CVF85306005M4P0DGN-2,125232374272000,1600319143936,22319,0.084148528014
CVF85306005T4P0DGN-1,123082198528000,1600319143936,22314,0.0827222726796
CVF85306005T4P0DGN-2,123083435008000,1600319143936,22314,0.082723103705
CVF85306005U4P0DGN-1,125237563904000,1600319143936,22345,0.0840540982636
CVF85306005U4P0DGN-2,125231173120000,1600319143936,22344,0.0840535706703
CVF85306005V4P0DGN-1,123489878528000,1600319143936,22336,0.0829145224323
CVF85306005V4P0DGN-2,123487979008000,1600319143936,22336,0.082913247042
CVF85306005X4P0DGN-1,125235858944000,1600319143936,22319,0.0841508695014
CVF85306005X4P0DGN-2,125236047872000,1600319143936,22320,0.0841472262435
CVF85306005Y4P0DGN-1,63155121664000,1600319143936,22393,0.0422961596988
CVF85306005Y4P0DGN-2,63154841088000,1600319143936,22393,0.0422959717919
CVF8530600604P0DGN-1,62618457088000,1600319143936,22340,0.0420362372812
CVF8530600604P0DGN-2,62615853568000,1600319143936,22340,0.0420344895188
CVF85306006B4P0DGN-1,63505611264000,1600319143936,22350,0.0426127158698
CVF85306006B4P0DGN-2,63502939648000,1600319143936,22350,0.0426109231965
CVF85306006R4P0DGN-1,66764407296000,1600319143936,22325,0.0448495584268
CVF85306006R4P0DGN-2,66765485056000,1600319143936,22325,0.0448502824213
CVF85306006T4P0DGN-1,70307360768000,1600319143936,22354,0.047168296307
CVF85306006T4P0DGN-2,70312698880000,1600319143936,22354,0.0471718775771
CVF85306006X4P0DGN-1,78619804672000,1600319143936,22317,0.0528324545659
CVF85306006X4P0DGN-2,78617692672000,1600319143936,22317,0.0528310353034
CVF8530600734P0DGN-1,72554994176000,1600319143936,22316,0.0487590909324
CVF8530600734P0DGN-2,72550255616000,1600319143936,22316,0.0487559064806
CVF8530600764P0DGN-1,123491812352000,1600319143936,22337,0.082912108816
CVF8530600764P0DGN-2,123493084672000,1600319143936,22337,0.0829129630486
CVF8530600774P0DGN-1,66082139136000,1600319143936,22318,0.0444051622189
CVF8530600774P0DGN-2,66077032960000,1600319143936,22318,0.0444017310259
CVF85306007B4P0DGN-1,64694066176000,1600319143936,22327,0.0434548962356
CVF85306007B4P0DGN-2,64690382848000,1600319143936,22327,0.0434524221503
CVF85306007C4P0DGN-1,119514559488000,1600319143936,22400,0.0800161106754
CVF85306007C4P0DGN-2,119518884864000,1600319143936,22400,0.0800190065549
CVF85306007G4P0DGN-1,67755016704000,1600319143936,22327,0.0455109315946
CVF85306007G4P0DGN-2,67755284480000,1600319143936,22328,0.0455090731616
CVF85306007M4P0DGN-1,121631666688000,1600319143936,22326,0.081703446836
CVF85306007M4P0DGN-2,121630587904000,1600319143936,22326,0.0817027221862
CVF85306007V4P0DGN-1,65205619712000,1600319143936,22321,0.043810279156
CVF85306007V4P0DGN-2,65205506048000,1600319143936,22322,0.0438082401407
CVF8530600824P0DGN-1,74076690432000,1600319143936,22352,0.0497015374516
CVF8530600824P0DGN-2,74073688576000,1600319143936,22352,0.0496995233652
CVF8530600844P0DGN-1,76943635968000,1600319143936,22330,0.0516759682956
CVF8530600844P0DGN-2,76941467648000,1600319143936,22330,0.0516745120344
CVF8530600864P0DGN-1,84844762112000,1600319143936,22342,0.0569518229768
CVF8530600864P0DGN-2,84846352384000,1600319143936,22342,0.0569528904427
CVF8530600894P0DGN-1,65092096000000,1600319143936,22363,0.0436518680389
CVF8530600894P0DGN-2,65091369472000,1600319143936,22363,0.0436513808169
CVF85306008A4P0DGN-1,128358394880000,1600319143936,22388,0.0859832032677
CVF85306008A4P0DGN-2,128359973376000,1600319143936,22387,0.085988101464
CVF85306008J4P0DGN-1,125944250368000,1600319143936,22350,0.0845094858476
CVF85306008J4P0DGN-2,125943416320000,1600319143936,22350,0.0845089261955
CVF85306008V4P0DGN-1,71756997632000,1600319143936,22310,0.0482357827071
CVF85306008V4P0DGN-2,71754108928000,1600319143936,22310,0.0482338408909
CVF8530600924P0DGN-1,125211436544000,1600319143936,22319,0.0841344591361
CVF8530600924P0DGN-2,125212894720000,1600319143936,22320,0.0841316694326
CVF8530600954P0DGN-1,122913412608000,1600319143936,22340,0.0825126906301
CVF8530600954P0DGN-2,122913456128000,1600319143936,22340,0.0825127198454
CVF8530600984P0DGN-1,79081647616000,1600319143936,22313,0.0531523394954
CVF8530600984P0DGN-2,79081883648000,1600319143936,22314,0.0531501161125
CVF85306009E4P0DGN-1,125089110016000,1600319143936,22314,0.0840710971347
CVF85306009E4P0DGN-2,125090445312000,1600319143936,22314,0.0840719945733
CVF85306009H4P0DGN-1,125206429696000,1600319143936,22320,0.0841273255249
CVF85306009H4P0DGN-2,125206528512000,1600319143936,22319,0.0841311612375
CVF85306009J4P0DGN-1,64274123264000,1600319143936,22355,0.043118746624
CVF85306009J4P0DGN-2,64272958464000,1600319143936,22355,0.0431179652097
CVF85306009L4P0DGN-1,121302827520000,1600319143936,22319,0.0815081119326
CVF85306009L4P0DGN-2,121308470784000,1600319143936,22319,0.0815119038623
CVF85306009N4P0DGN-1,78165638144000,1600319143936,22326,0.0525060803194
CVF85306009N4P0DGN-2,78160560640000,1600319143936,22326,0.0525026696157
CVF85306009Q4P0DGN-1,69267144192000,1600319143936,22389,0.0463977827812
CVF85306009Q4P0DGN-2,69259171328000,1600319143936,22388,0.0463945144532
CVF85306009T4P0DGN-1,60098459136000,1600319143936,22324,0.0403734594987
CVF85306009T4P0DGN-2,60098909184000,1600319143936,22324,0.0403737618358
CVF8530600A14P0DGN-1,75610486784000,1600319143936,22316,0.0508124718692
CVF8530600A14P0DGN-2,75608937472000,1600319143936,22316,0.050811430686
CVF8530600AN4P0DGN-1,126710533632000,1600319143936,22314,0.0851608391777
CVF8530600AN4P0DGN-2,126710461952000,1600319143936,22314,0.0851607910024
CVF8530600AR4P0DGN-1,122310701056000,1600319143936,22226,0.0825292287561
CVF8530600AR4P0DGN-2,122303930880000,1600319143936,22332,0.0821329529798
CVF8530600BS4P0DGN-1,70799504384000,1600319143936,22336,0.0475367468526
CVF8530600BS4P0DGN-2,70794993664000,1600319143936,22336,0.0475337182303
CVF8530600BY4P0DGN-1,67408940032000,1600319143936,22356,0.0452197376489
CVF8530600BY4P0DGN-2,67397040128000,1600319143936,22356,0.0452117548719
CVF8530600C24P0DGN-1,68866134528000,1600319143936,22351,0.0462075975705
CVF8530600C24P0DGN-2,68868040192000,1600319143936,22351,0.0462088762274
CVF8530600C34P0DGN-1,78396733952000,1600319143936,22316,0.0526849119482
CVF8530600C34P0DGN-2,78392266752000,1600319143936,22316,0.0526819098584
CVF8530600C44P0DGN-1,76126266368000,1600319143936,22315,0.0511613835134
CVF8530600C44P0DGN-2,76117856256000,1600319143936,22315,0.0511557314174
CVF8530600C54P0DGN-1,64785560064000,1600319143936,22327,0.0435163525274
CVF8530600C54P0DGN-2,64785379840000,1600319143936,22327,0.0435162314712
CVF8530600C64P0DGN-1,84848616448000,1600319143936,22342,0.0569544101897
CVF8530600C64P0DGN-2,84844998144000,1600319143936,22341,0.0569545306263
CVF8530600CJ4P0DGN-1,126874107392000,1600319143936,22345,0.0851524762811
CVF8530600CJ4P0DGN-2,126880760320000,1600319143936,22345,0.0851569414419
CVF8530600CK4P0DGN-1,66488583168000,1600319143936,22352,0.0446103192132
CVF8530600CK4P0DGN-2,66490077696000,1600319143936,22352,0.0446113219624
CVF8530600CM4P0DGN-1,70850527744000,1600319143936,22357,0.0475263217547
CVF8530600CM4P0DGN-2,70848184832000,1600319143936,22357,0.0475247501363
CVF8530600CN4P0DGN-1,67350673408000,1600319143936,22317,0.0452596061216
CVF8530600CN4P0DGN-2,67349040128000,1600319143936,22317,0.0452585085586
CVF8530600CT4P0DGN-1,78567755264000,1600319143936,22279,0.052887530999
CVF8530600CT4P0DGN-2,78573452288000,1600319143936,22279,0.0528913659251
CVF8530600CV4P0DGN-1,71053298176000,1600319143936,22331,0.0477178328506
CVF8530600CV4P0DGN-2,71055945216000,1600319143936,22330,0.0477217475624
CVF8530600D74P0DGN-1,65207021056000,1600319143936,22321,0.0438112206895
CVF8530600D74P0DGN-2,65209862656000,1600319143936,22321,0.0438131299005
CVF8530600D84P0DGN-1,118771368448000,1600319143936,22290,0.0799109572317
CVF8530600D84P0DGN-2,118770331648000,1600319143936,22290,0.0799102596588
CVF8530600DA4P0DGN-1,64766761984000,1600319143936,22341,0.0434764642545
CVF8530600DA4P0DGN-2,64770993664000,1600319143936,22341,0.0434793048857
CVF8530600DG4P0DGN-1,64769619456000,1600319143936,22340,0.0434803286232
CVF8530600DG4P0DGN-2,64765241856000,1600319143936,22340,0.0434773899077
CVF8530600DQ4P0DGN-1,64786093568000,1600319143936,22326,0.0435186600306
CVF8530600DQ4P0DGN-2,64775748608000,1600319143936,22326,0.043511711027
CVF8530600DZ4P0DGN-1,27521231872000,1600319143936,22299,0.0185091776169
CVF8530600DZ4P0DGN-2,27518144512000,1600319143936,22299,0.0185071012384
CVF8530600E14P0DGN-1,127657268224000,1600319143936,22342,0.085689604881
CVF8530600E14P0DGN-2,127657619456000,1600319143936,22343,0.085686005446
CVF8530600E44P0DGN-1,119517638656000,1600319143936,22400,0.0800181722071
CVF8530600E44P0DGN-2,119522093056000,1600319143936,22400,0.0800211544693
CVF8530600E84P0DGN-1,81617794560000,1600319143936,22328,0.054820081008
CVF8530600E84P0DGN-2,81632969728000,1600319143936,22328,0.0548302736865
CVF8530600E94P0DGN-1,79822297088000,1600319143936,22343,0.053578108476
CVF8530600E94P0DGN-2,79821054976000,1600319143936,22343,0.0535772747489
CVF8530600EJ4P0DGN-1,64649047040000,1600319143936,22352,0.0433760878615
CVF8530600EJ4P0DGN-2,64645530112000,1600319143936,22352,0.043373728189
CVF8530600EL4P0DGN-1,118767142912000,1600319143936,22290,0.0799081142348
CVF8530600EL4P0DGN-2,118772841472000,1600319143936,22289,0.0799155335658
CVF8530600EM4P0DGN-1,69867799040000,1600319143936,22343,0.0468964769557
CVF8530600EM4P0DGN-2,69861072896000,1600319143936,22342,0.046894061077
CVF8530600ER4P0DGN-1,65970655232000,1600319143936,22354,0.044258856819
CVF8530600ER4P0DGN-2,65973491712000,1600319143936,22354,0.0442607597766
CVF8530600EY4P0DGN-1,78621089792000,1600319143936,22317,0.0528333181657
CVF8530600EY4P0DGN-2,78614653952000,1600319143936,22317,0.0528289932856
CVF8530600F44P0DGN-1,127002514432000,1600319143936,22336,0.085273003402
CVF8530600F44P0DGN-2,127003665408000,1600319143936,22336,0.0852737761992
CVF8530600F54P0DGN-1,64556834816000,1600319143936,22347,0.0433239096238
CVF8530600F54P0DGN-2,64557667328000,1600319143936,22347,0.0433244683202
CVF8530600F64P0DGN-1,113377163776000,1600319143936,22289,0.0762850869361
CVF8530600F64P0DGN-2,113372236288000,1600319143936,22289,0.0762817715078
CVF8530600F74P0DGN-1,75610704896000,1600319143936,22316,0.0508126184469
CVF8530600F74P0DGN-2,75611358208000,1600319143936,22316,0.0508130574918
CVF8530600F84P0DGN-1,68973297152000,1600319143936,22349,0.0462836427623
CVF8530600F84P0DGN-2,68967576576000,1600319143936,22349,0.0462798040435
CVF8530600FA4P0DGN-1,121627988480000,1600319143936,22325,0.0817046356974
CVF8530600FA4P0DGN-2,121633048576000,1600319143936,22325,0.0817080348599
CVF8530600FB4P0DGN-1,67574283264000,1600319143936,22352,0.0453387664976
CVF8530600FB4P0DGN-2,67574580224000,1600319143936,22352,0.045338965742
CVF8530600FD4P0DGN-1,69866992128000,1600319143936,22343,0.0468959353424
CVF8530600FD4P0DGN-2,69867726336000,1600319143936,22343,0.0468964281556
CVF8530600FE4P0DGN-1,123079465984000,1600319143936,22315,0.0827167292219
CVF8530600FE4P0DGN-2,123083205632000,1600319143936,22315,0.082719242488
CVF8530600FG4P0DGN-1,70607121920000,1600319143936,22353,0.0473715213273
CVF8530600FG4P0DGN-2,70607549440000,1600319143936,22110,0.0478924481117
CVF8530600FJ4P0DGN-1,63244809216000,1600319143936,22322,0.0424909483526
CVF8530600FJ4P0DGN-2,63250035712000,1600319143936,22322,0.0424944597676
CVF8530600FM4P0DGN-1,123822155776000,1600319143936,22343,0.0831115757867
CVF8530600FM4P0DGN-2,123824782848000,1600319143936,22343,0.0831133391229
CVF8530600FN4P0DGN-1,122167740928000,1600319143936,22321,0.0820819257229
CVF8530600FN4P0DGN-2,122166361088000,1600319143936,22322,0.0820773215029
CVF8530600FR4P0DGN-1,123825732096000,1600319143936,22344,0.0831102565299
CVF8530600FR4P0DGN-2,123830655488000,1600319143936,22344,0.083113561048
CVF8530600FY4P0DGN-1,62693837312000,1600319143936,22325,0.0421151184202
CVF8530600FY4P0DGN-2,62693562880000,1600319143936,22325,0.0421149340682
CVF8530600G94P0DGN-1,66691502080000,1600319143936,22279,0.0448930845965
CVF8530600G94P0DGN-2,66693276160000,1600319143936,22279,0.0448942788105
CVF8530600GE4P0DGN-1,67185827328000,1600319143936,22340,0.0451023469889
CVF8530600GE4P0DGN-2,67144208384000,1600319143936,22340,0.0450744078814
CVF8530600GK4P0DGN-1,66696661504000,1600319143936,22278,0.0448985729263
CVF8530600GK4P0DGN-2,66691006464000,1600319143936,22278,0.0448947660907
CVF8530600GT4P0DGN-1,128352068096000,1600319143936,22387,0.085982805732
CVF8530600GT4P0DGN-2,128354122240000,1600319143936,22387,0.0859841817992
CVF8531000044P0DGN-1,60098359808000,1600319143936,22324,0.0403733927712
CVF8531000044P0DGN-2,60092087808000,1600319143936,22324,0.0403691793132
CVF8531000084P0DGN-1,126449747968000,1600319143936,22325,0.0849436936421
CVF8531000084P0DGN-2,126446192640000,1600319143936,22325,0.0849413053203
CVF85310000F4P0DGN-1,84589491712000,1600319143936,22351,0.0567576097964
CVF85310000F4P0DGN-2,84589984256000,1600319143936,22350,0.0567604797873
CVF85310000Y4P0DGN-1,70800243200000,1600319143936,22335,0.0475393712885
CVF85310000Y4P0DGN-2,70801106432000,1600319143936,22335,0.0475399509123
CVF85310000Z4P0DGN-1,71195033600000,1600319143936,22328,0.0478194434236
CVF85310000Z4P0DGN-2,71192953856000,1600319143936,22328,0.0478180465256
CVF8531000164P0DGN-1,61637087232000,1600319143936,22355,0.041349672497
CVF8531000164P0DGN-2,61631958528000,1600319143936,22355,0.0413462318699
CVF85310001G4P0DGN-1,102287570944000,1600319143936,14638,0.104796255185
CVF85310001G4P0DGN-2,102290016768000,1600319143936,14638,0.104798760995
CVF85310001L4P0DGN-1,126448151552000,1600319143936,22326,0.0849388165859
CVF85310001L4P0DGN-2,126450832384000,1600319143936,22326,0.0849406173769
CVF85310001W4P0DGN-1,30619558400000,1600319143936,22312,0.02058093319
CVF85310001W4P0DGN-2,30621221888000,1600319143936,22311,0.0205829738102
CVF85310001Z4P0DGN-1,71545341440000,1600319143936,22315,0.0480827292162
CVF85310001Z4P0DGN-2,71542589952000,1600319143936,22315,0.0480808800524
CVF8531000274P0DGN-1,84069068800000,1600319143936,22361,0.0563831917025
CVF8531000274P0DGN-2,84064543232000,1600319143936,22361,0.0563801565081
CVF85310002E4P0DGN-1,76937516032000,1600319143936,22330,0.0516718580971
CVF85310002E4P0DGN-2,76940118528000,1600319143936,22330,0.0516736059545
CVF85310002J4P0DGN-1,70113695744000,1600319143936,22320,0.0471100223841
CVF85310002J4P0DGN-2,70116354560000,1600319143936,22320,0.0471118088664
CVF85310002Q4P0DGN-1,68973736960000,1600319143936,22349,0.0462839378898
CVF85310002Q4P0DGN-2,68970469376000,1600319143936,22348,0.0462838161766
CVF8531000324P0DGN-1,54332497920000,1600319143936,22318,0.0365097652019
CVF8531000324P0DGN-2,54333639680000,1600319143936,22318,0.0365105324295
CVF8531000344P0DGN-1,72554096128000,1600319143936,22316,0.0487584874177
CVF8531000344P0DGN-2,72551071232000,1600319143936,22315,0.048758639517
CVF8531000364P0DGN-1,126878443520000,1600319143936,22344,0.0851591976123
CVF8531000364P0DGN-2,126878266368000,1600319143936,22343,0.0851628901535
CVF8531000374P0DGN-1,127001411072000,1600319143936,22335,0.0852760804517
CVF8531000374P0DGN-2,127004120576000,1600319143936,22335,0.0852778997691
CVF85310003D4P0DGN-1,69861153792000,1600319143936,22328,0.0469235187111
CVF85310003D4P0DGN-2,69856457216000,1600319143936,22328,0.0469203641701
CVF85310003F4P0DGN-1,76382851072000,1600319143936,22311,0.0513430270324
CVF85310003F4P0DGN-2,76381886464000,1600319143936,22311,0.0513423786422
CVF85310003H4P0DGN-1,64689915904000,1600319143936,22327,0.0434521085048
CVF85310003H4P0DGN-2,64692657664000,1600319143936,22327,0.0434539501404
CVF85310003T4P0DGN-1,122289296896000,1600319143936,22347,0.0820680019672
CVF85310003T4P0DGN-2,122284967936000,1600319143936,22346,0.0820687692881
CVF8531000494P0DGN-1,120485098496000,1600319143936,22353,0.0808355057934
CVF8531000494P0DGN-2,120484036096000,1600319143936,22353,0.0808347930111
CVF85310004C4P0DGN-1,65818653184000,1600319143936,22356,0.0441529302785
CVF85310004C4P0DGN-2,65815050240000,1600319143936,22356,0.0441505133264
CVF85310004N4P0DGN-1,122531852288000,1600319143936,22352,0.0822123857045
CVF85310004N4P0DGN-2,122527217152000,1600319143936,22352,0.0822092757736
CVF85310004R4P0DGN-1,69905673728000,1600319143936,22339,0.0469303008928
CVF85310004R4P0DGN-2,69903752704000,1600319143936,22338,0.0469311120974
CVF85310004U4P0DGN-1,122899600384000,1600319143936,22319,0.082581046043
CVF85310004U4P0DGN-2,122903084544000,1600319143936,22319,0.0825833871863
CVF85310004X4P0DGN-1,120482859520000,1600319143936,22352,0.0808376200366
CVF85310004X4P0DGN-2,120488061440000,1600319143936,22352,0.0808411102495
CVF85310004Y4P0DGN-1,62182777344000,1600319143936,22320,0.0417811670244
CVF85310004Y4P0DGN-2,62178807296000,1600319143936,22320,0.0417784995135
CVF8531000514P0DGN-1,122918447616000,1600319143936,22341,0.082512377187
CVF8531000514P0DGN-2,122917775872000,1600319143936,22341,0.0825119262604
CVF8531000544P0DGN-1,122526363136000,1600319143936,22352,0.0822087027741
CVF8531000544P0DGN-2,122527201280000,1600319143936,22351,0.0822129432267
CVF8531000554P0DGN-1,81393492480000,1600319143936,22313,0.0547061761538
CVF8531000554P0DGN-2,81391818240000,1600319143936,22314,0.0547025992618
CVF8531000564P0DGN-1,69858833408000,1600319143936,22328,0.0469219601828
CVF8531000564P0DGN-2,69858996224000,1600319143936,22328,0.0469220695412
CVF8531000594P0DGN-1,73523146752000,1600319143936,22314,0.0494141465348
CVF8531000594P0DGN-2,73524296192000,1600319143936,22314,0.0494149190615
CVF85310005B4P0DGN-1,65982364672000,1600319143936,22385,0.044205409511
CVF85310005B4P0DGN-2,65979053056000,1600319143936,22385,0.0442031908676
CVF85310005H4P0DGN-1,59975448064000,1600319143936,22318,0.0403016539
CVF85310005H4P0DGN-2,59975101952000,1600319143936,22318,0.0403014213234
CVF85310005L4P0DGN-1,66003897856000,1600319143936,22366,0.0442574007534
CVF85310005L4P0DGN-2,66001714176000,1600319143936,22366,0.0442559365368
CVF85310005W4P0DGN-1,65443445760000,1600319143936,22338,0.0439366066942
CVF85310005W4P0DGN-2,65442340352000,1600319143936,22339,0.0439338977806
CVF85310006B4P0DGN-1,125945447424000,1600319143936,22351,0.0845065080289
CVF85310006B4P0DGN-2,125945698304000,1600319143936,22351,0.0845066763636
CVF85310006Q4P0DGN-1,79824903680000,1600319143936,22343,0.0535798580657
CVF85310006Q4P0DGN-2,79820380160000,1600319143936,22342,0.0535792198323
CVF85310006Y4P0DGN-1,121483844096000,1600319143936,22346,0.0815311132809
CVF85310006Y4P0DGN-2,121489384960000,1600319143936,22346,0.0815348319055
CVF8531000704P0DGN-1,62616850432000,1600319143936,22341,0.0420332771957
CVF8531000704P0DGN-2,62617490432000,1600319143936,22340,0.0420355883578
CVF8531000744P0DGN-1,61725412864000,1600319143936,22346,0.0414256040873
CVF8531000744P0DGN-2,61718208000000,1600319143936,22345,0.0414226224
CVF8531000764P0DGN-1,62269041664000,1600319143936,22347,0.0417885780971
CVF8531000764P0DGN-2,62271121920000,1600319143936,22347,0.041789974151
CVF8531000774P0DGN-1,76076425216000,1600319143936,22365,0.0510135839444
CVF8531000774P0DGN-2,76069649408000,1600319143936,22365,0.0510090403785
CVF85310007B4P0DGN-1,121302424576000,1600319143936,22319,0.0815078411788
CVF85310007B4P0DGN-2,121308322816000,1600319143936,22319,0.0815118044368
CVF85310007M4P0DGN-1,125404141568000,1600319143936,22321,0.0842563949807
CVF85310007M4P0DGN-2,125405395968000,1600319143936,22321,0.0842572377856
CVF85310007R4P0DGN-1,64643068416000,1600319143936,22352,0.0433720765213
CVF85310007R4P0DGN-2,64649721344000,1600319143936,22351,0.0433784809818
CVF85310007T4P0DGN-1,67348487680000,1600319143936,22317,0.0452581373139
CVF85310007T4P0DGN-2,67349478400000,1600319143936,22158,0.0455835683848
CVF85310008J4P0DGN-1,81387200000000,1600319143936,22313,0.0547019468535
CVF85310008J4P0DGN-2,81388972032000,1600319143936,22313,0.0547031378713
CVF85310008N4P0DGN-1,59550754304000,1600319143936,22355,0.0399500414118
CVF85310008N4P0DGN-2,59547747840000,1600319143936,22355,0.0399480245043
CVF8531000904P0DGN-1,65816624128000,1600319143936,22355,0.0441535441528
CVF8531000904P0DGN-2,65815610880000,1600319143936,22355,0.0441528644083
CVF8531500074P0DGN-1,64718236672000,1600319143936,22349,0.0434283392272
CVF8531500074P0DGN-2,64706842112000,1600319143936,22349,0.0434206930544
CVF85315000A4P0DGN-1,120623675904000,1600319143936,22306,0.0810990006089
CVF85315000A4P0DGN-2,120624029696000,1600319143936,22305,0.0811028743961
CVF8532200044P0DGN-1,55029601280000,1600319143936,22334,0.0369517061376
CVF8532200044P0DGN-2,55028439552000,1600319143936,22334,0.0369509260514
CVF8532200094P0DGN-1,55028389376000,1600319143936,22334,0.0369508923588
CVF8532200094P0DGN-2,55030403072000,1600319143936,22334,0.0369522445311
CVF85322000A4P0DGN-1,64711132672000,1600319143936,22349,0.0434235721795
CVF85322000A4P0DGN-2,64711701504000,1600319143936,22349,0.0434239538869
CVF85322000B4P0DGN-1,84067185152000,1600319143936,22363,0.0563768859534
CVF85322000B4P0DGN-2,84067646976000,1600319143936,22362,0.0563797167764
CVF85322000K4P0DGN-1,61002523136000,1600319143936,22352,0.0409294633792
CVF85322000K4P0DGN-2,61000334848000,1600319143936,22353,0.0409261641693
CVF8532200174P0DGN-1,79620329984000,1600319143936,22340,0.0534497213643
CVF8532200174P0DGN-2,79623032832000,1600319143936,22340,0.0534515358063
CVF85322001B4P0DGN-1,79141394944000,1600319143936,22317,0.0531829628693
CVF85322001B4P0DGN-2,79135558656000,1600319143936,22316,0.0531814238884
CVF85322001H4P0DGN-1,63158798336000,1600319143936,22393,0.0422986220345
CVF85322001H4P0DGN-2,63157442048000,1600319143936,22393,0.0422977137032
CVF85322001L4P0DGN-1,76121295360000,1600319143936,22315,0.0511580427001
CVF85322001L4P0DGN-2,76121903104000,1600319143936,22314,0.0511607438019
CVF85325000P4P0DGN-1,54985456128000,1600319143936,22352,0.0368923299772
CVF85325000P4P0DGN-2,54987684352000,1600319143936,22352,0.0368938249976
CVF85325000V4P0DGN-1,71991603200000,1600319143936,22356,0.048293911877
CVF85325000V4P0DGN-2,71992501248000,1600319143936,22356,0.0482945143118
CVF8532500104P0DGN-1,125404290048000,1600319143936,22320,0.0842602696738
CVF8532500104P0DGN-2,125405427200000,1600319143936,22320,0.0842610337365
CVF85325001G4P0DGN-1,63927618048000,1600319143936,22323,0.0429477686273
CVF85325001G4P0DGN-2,63920535552000,1600319143936,22322,0.0429449342717
CVF85325001R4P0DGN-1,65230224896000,1600319143936,22346,0.043777778806
CVF85325001R4P0DGN-2,65227880960000,1600319143936,22346,0.0437762057267
CVF85325001S4P0DGN-1,67658011136000,1600319143936,22353,0.0453929126458
CVF85325001S4P0DGN-2,67656415232000,1600319143936,22353,0.0453918419267
CVF85325001T4P0DGN-1,84586611200000,1600319143936,22351,0.0567556770389
CVF85325001T4P0DGN-2,84589147648000,1600319143936,22351,0.0567573789373
CVF85325001Y4P0DGN-1,73718236160000,1600319143936,22377,0.0494057748273
CVF85325001Y4P0DGN-2,73716931072000,1600319143936,22377,0.0494049001606
CVF8532500214P0DGN-1,65100474880000,1600319143936,22324,0.0437337566336
CVF8532500214P0DGN-2,65095341056000,1600319143936,22324,0.0437303077892
CVF8532500224P0DGN-1,73716717056000,1600319143936,22376,0.0494069646628
CVF8532500224P0DGN-2,73718118912000,1600319143936,22376,0.0494079042251
CVF8532500234P0DGN-1,67637328384000,1600319143936,22366,0.0453526601521
CVF8532500234P0DGN-2,67641319424000,1600319143936,22366,0.0453553362525
CVF85325002B4P0DGN-1,64274008576000,1600319143936,22356,0.0431167409556
CVF85325002B4P0DGN-2,64266936320000,1600319143936,22356,0.0431119966952
CVF85325002H4P0DGN-1,118154687488000,1600319143936,22362,0.079240088857
CVF85325002H4P0DGN-2,118146480128000,1600319143936,22361,0.0792381280431
CVF85325002M4P0DGN-1,76611581440000,1600319143936,22316,0.0514852369341
CVF85325002M4P0DGN-2,76610333184000,1600319143936,22317,0.0514820911106
CVF85325003W4P0DGN-1,71056428544000,1600319143936,22330,0.0477220721694
CVF85325003W4P0DGN-2,71053888512000,1600319143936,22330,0.0477203662634
CVF8532500454P0DGN-1,65444047872000,1600319143936,22339,0.0439350441028
CVF8532500454P0DGN-2,65439649280000,1600319143936,22339,0.043932091163
CVF85325004D4P0DGN-1,127654513152000,1600319143936,22343,0.085683920441
CVF85325004D4P0DGN-2,127658013184000,1600319143936,22343,0.0856862697231
CVF85325004L4P0DGN-1,44335526400000,1600319143936,15074,0.044109079985
CVF85325004L4P0DGN-2,44336732160000,1600319143936,15074,0.0441102795865
CVF85325004W4P0DGN-1,79085680128000,1600319143936,22313,0.0531550498265
CVF85325004W4P0DGN-2,79088615936000,1600319143936,22313,0.0531570230411
CVF85325004Z4P0DGN-1,64561922560000,1600319143936,22349,0.0433234466555
CVF85325004Z4P0DGN-2,64560448512000,1600319143936,22349,0.0433224575145
CVF8532500524P0DGN-1,64303220224000,1600319143936,22322,0.0432020405044
CVF8532500524P0DGN-2,64300961280000,1600319143936,22322,0.0432005228356
CVF8532500534P0DGN-1,72909192192000,1600319143936,22352,0.0489182079432
CVF8532500534P0DGN-2,72915238400000,1600319143936,22352,0.0489222646287
CVF8532500574P0DGN-1,33264880640000,1600319143936,15060,0.0331257438099
CVF8532500574P0DGN-2,33260324352000,1600319143936,15060,0.0331212065795
CVF8532600044P0DGN-1,122899211264000,1600319143936,22319,0.082580784578
CVF8532600044P0DGN-2,122903214592000,1600319143936,22319,0.0825834745706
CVF85326000D4P0DGN-1,34833290240000,1600319143936,15065,0.0346760805889
CVF85326000D4P0DGN-2,34832219648000,1600319143936,15065,0.0346750148287
CVF85326000X4P0DGN-1,118151421952000,1600319143936,22362,0.079237898835
CVF85326000X4P0DGN-2,118159934464000,1600319143936,22362,0.0792436077258
CVF85326001E4P0DGN-1,81632688640000,1600319143936,22328,0.0548300848886
CVF85326001E4P0DGN-2,81646560768000,1600319143936,22327,0.0548418585487
CVF85326002U4P0DGN-1,61642027008000,1600319143936,22356,0.0413511366315
CVF85326002U4P0DGN-2,61639052288000,1600319143936,22355,0.0413509907686
CVF8532600304P0DGN-1,54990949888000,1600319143936,22353,0.0368943653924
CVF8532600304P0DGN-2,54990276608000,1600319143936,22352,0.0368955642641
CVF85326003U4P0DGN-1,78170366976000,1600319143936,22327,0.0525069049826
CVF85326003U4P0DGN-2,78167129088000,1600319143936,22327,0.0525047300986
CVF8532600524P0DGN-1,79073234944000,1600319143936,22329,0.0531086025459
CVF8532600524P0DGN-2,79070036992000,1600319143936,22329,0.0531064546792
CVF8532600534P0DGN-1,62370549248000,1600319143936,22362,0.0418286228803
CVF8532600534P0DGN-2,62368136704000,1600319143936,22362,0.0418270049148
CVF8532600564P0DGN-1,62379931136000,1600319143936,22363,0.0418330440953
CVF8532600564P0DGN-2,62372843520000,1600319143936,22362,0.0418301615269
CVF85326005E4P0DGN-1,76608693760000,1600319143936,22316,0.0514832963282
CVF85326005E4P0DGN-2,76606744576000,1600319143936,22316,0.0514819864192
CVF85326005F4P0DGN-1,62266907648000,1600319143936,22347,0.041787145965
CVF85326005F4P0DGN-2,62268232704000,1600319143936,22347,0.0417880352063
CVF85326005H4P0DGN-1,70601970176000,1600319143936,22354,0.0473659459372
CVF85326005H4P0DGN-2,70604578304000,1600319143936,22353,0.0473698147719
CVF85326005R4P0DGN-1,71992620032000,1600319143936,22355,0.048296754344
CVF85326005R4P0DGN-2,71994021888000,1600319143936,22355,0.0482976947889
CVF85326005S4P0DGN-1,65067986432000,1600319143936,22347,0.0436669420305
CVF85326005S4P0DGN-2,65060335104000,1600319143936,22347,0.0436618072458
CVF85326005T4P0DGN-1,70113964544000,1600319143936,22321,0.0471080924156
CVF85326005T4P0DGN-2,70113780736000,1600319143936,22321,0.0471079689189
CVF8532600644P0DGN-1,59972702208000,1600319143936,22318,0.0402998087694
CVF8532600644P0DGN-2,59970487808000,1600319143936,22318,0.0402983207608
CVF85326006A4P0DGN-1,60998093824000,1600319143936,22354,0.0409228298748
CVF85326006A4P0DGN-2,60998788096000,1600319143936,22354,0.0409232956529
CVF85326006C4P0DGN-1,74359057408000,1600319143936,22363,0.0498664501673
CVF85326006C4P0DGN-2,74356094464000,1600319143936,22364,0.0498622334911
CVF85326006S4P0DGN-1,65970224640000,1600319143936,22354,0.0442585679404
CVF85326006S4P0DGN-2,65968282624000,1600319143936,22354,0.044257265067
CVF85326006T4P0DGN-1,63246604288000,1600319143936,22321,0.0424940580546
CVF85326006T4P0DGN-2,63246542848000,1600319143936,22321,0.0424940167744
CVF85326007K4P0DGN-1,122313195520000,1600319143936,22332,0.0821391746297
CVF85326007K4P0DGN-2,122311695872000,1600319143936,22332,0.0821381675442
CVF85326007M4P0DGN-1,76076917760000,1600319143936,22365,0.0510139142232
CVF85326007M4P0DGN-2,76077884928000,1600319143936,22365,0.0510145627646
CVF85326007V4P0DGN-1,35201282048000,1600319143936,15060,0.0350540458426
CVF85326007V4P0DGN-2,35202216960000,1600319143936,15060,0.0350549768441
CVF8533200024P0DGN-1,67583247360000,1600319143936,22351,0.0453468096899
CVF8533200024P0DGN-2,67574670848000,1600319143936,22351,0.045341055047
CVF8535500044P0DGN-1,44624096768000,1600319143936,15109,0.044293332715
CVF8535500044P0DGN-2,44622106624000,1600319143936,15109,0.0442913573224
CVF8535500054P0DGN-1,45540383744000,1600319143936,15073,0.0453107893366
CVF8535500054P0DGN-2,45540204544000,1600319143936,15073,0.04531061104
CVF85355000C4P0DGN-1,44280984064000,1600319143936,15096,0.043990613395
CVF85355000C4P0DGN-2,44284635136000,1600319143936,15096,0.0439942405252
CVF85355000E4P0DGN-1,46869206016000,1600319143936,15199,0.0462463245438
CVF85355000E4P0DGN-2,46865772032000,1600319143936,15200,0.0462398938983
CVF85355000M4P0DGN-1,51676147200000,1600319143936,15161,0.0511171839011
CVF85355000M4P0DGN-2,51668464128000,1600319143936,15161,0.0511095839343
CVF8536100264P0DGN-1,43148303360000,1600319143936,15155,0.0426984808661
CVF8536100264P0DGN-2,43148264448000,1600319143936,15155,0.0426984423598
CVF8536100274P0DGN-1,45701628928000,1600319143936,15122,0.0453238806431
CVF8536100274P0DGN-2,45709040640000,1600319143936,15122,0.0453312310934
CVF8536100284P0DGN-1,45950745600000,1600319143936,15067,0.0457372886416
CVF8536100284P0DGN-2,45948257280000,1600319143936,15067,0.0457348118807
CVF85361002A4P0DGN-1,45691516416000,1600319143936,15078,0.0454460847364
CVF85361002A4P0DGN-2,45690229760000,1600319143936,15078,0.0454448049917
CVF85361002D4P0DGN-1,46086831104000,1600319143936,15106,0.0457543097736
CVF85361002D4P0DGN-2,46086187008000,1600319143936,15106,0.0457536703248
CVF85361002M4P0DGN-1,44332367872000,1600319143936,15074,0.0441059375894
CVF85361002M4P0DGN-2,44330452480000,1600319143936,15074,0.0441040319804
CVF85361002Q4P0DGN-1,102550317056000,1600319143936,15085,0.101952137163
CVF85361002Q4P0DGN-2,102546891264000,1600319143936,15085,0.101948731354
CVF85361002U4P0DGN-1,44190848512000,1600319143936,15065,0.0439914063166
CVF85361002U4P0DGN-2,44190564864000,1600319143936,15065,0.0439911239488
CVF85361002Z4P0DGN-1,44622730752000,1600319143936,15109,0.0442919768242
CVF85361002Z4P0DGN-2,44623279104000,1600319143936,15109,0.0442925211117
CVF8536200014P0DGN-1,46058285568000,1600319143936,15115,0.0456987433537
CVF8536200014P0DGN-2,46053353472000,1600319143936,15115,0.0456938497588
CVF8536200024P0DGN-1,49848906240000,1600319143936,15078,0.0495811431683
CVF8536200024P0DGN-2,49848842240000,1600319143936,15078,0.0495810795121
CVF8536200034P0DGN-1,43517389312000,1600319143936,15162,0.0430438374048
CVF8536200034P0DGN-2,43517128192000,1600319143936,15162,0.0430435791262
CVF8536200054P0DGN-1,45530365952000,1600319143936,15101,0.0452168260882
CVF8536200054P0DGN-2,45526198272000,1600319143936,15101,0.0452126871084
CVF8536200064P0DGN-1,47468312576000,1600319143936,15057,0.047279185295
CVF8536200064P0DGN-2,47465915904000,1600319143936,15057,0.047276798172
CVF8536200074P0DGN-1,45468843008000,1600319143936,15095,0.0451736754313
CVF8536200074P0DGN-2,45464773632000,1600319143936,15095,0.0451696324723
CVF8536200084P0DGN-1,50212903424000,1600319143936,15070,0.0499696977836
CVF8536200084P0DGN-2,50208911872000,1600319143936,15069,0.0499690413604
CVF8536200094P0DGN-1,45465120256000,1600319143936,15095,0.0451699768461
CVF8536200094P0DGN-2,45471436800000,1600319143936,15095,0.0451762523853
CVF85362000P4P0DGN-1,102691082752000,1600319143936,15140,0.101721205645
CVF85362000P4P0DGN-2,102691233280000,1600319143936,15140,0.101721354751
CVF85362000Q4P0DGN-1,90878990336000,1600319143936,15138,0.090032567159
CVF85362000Q4P0DGN-2,90881796608000,1600319143936,15139,0.0900294000487
CVF85362000U4P0DGN-1,51291721216000,1600319143936,15171,0.0507034727657
CVF85362000U4P0DGN-2,51288128000000,1600319143936,15171,0.0506999207591
CVF85362000W4P0DGN-1,42836170240000,1600319143936,15135,0.0424456170753
CVF85362000W4P0DGN-2,42832237056000,1600319143936,15135,0.0424417197516
CVF85362000X4P0DGN-1,102506151936000,1600319143936,14615,0.105185470025
CVF85362000X4P0DGN-2,102510318592000,1600319143936,14615,0.10518974559
CVF85362000Z4P0DGN-1,44286742016000,1600319143936,15090,0.0440138271615
CVF85362000Z4P0DGN-2,44284366336000,1600319143936,15090,0.0440114661215
CVF8536200134P0DGN-1,46444651008000,1600319143936,15140,0.0460059994469
CVF8536200134P0DGN-2,46450250752000,1600319143936,15140,0.0460115463035
CVF8536200194P0DGN-1,50109925888000,1600319143936,15093,0.0497912270989
CVF8536200194P0DGN-2,50108069888000,1600319143936,15093,0.0497893829031
CVF85362001D4P0DGN-1,45546298880000,1600319143936,15068,0.0453317120398
CVF85362001D4P0DGN-2,45549604352000,1600319143936,15068,0.0453350019384
CVF85362001L4P0DGN-1,49850100224000,1600319143936,15099,0.0495133706127
CVF85362001L4P0DGN-2,49849106944000,1600319143936,15099,0.0495123840421
CVF85362001T4P0DGN-1,43048792064000,1600319143936,15078,0.0428175557609
CVF85362001T4P0DGN-2,43048189952000,1600319143936,15077,0.0428197967688
CVF85362001X4P0DGN-1,40508410880000,1600319143936,15061,0.0403362982034
CVF85362001X4P0DGN-2,40504484352000,1600319143936,15061,0.0403323883585
CVF8536200204P0DGN-1,45903661568000,1600319143936,15070,0.0456813276927
CVF8536200204P0DGN-2,45906332160000,1600319143936,15070,0.0456839853497
CVF8536200254P0DGN-1,43308318720000,1600319143936,15074,0.0430871188311
CVF8536200254P0DGN-2,43303411200000,1600319143936,15074,0.0430822363766
CVF8536200284P0DGN-1,51834707456000,1600319143936,15156,0.0512909444874
CVF8536200284P0DGN-2,51828884480000,1600319143936,15157,0.0512817989991
CVF8536200294P0DGN-1,46087887360000,1600319143936,15107,0.0457523296565
CVF8536200294P0DGN-2,46090296320000,1600319143936,15107,0.0457547210773
CVF85362002D4P0DGN-1,44369446400000,1600319143936,15158,0.0438982036038
CVF85362002D4P0DGN-2,44368450560000,1600319143936,15157,0.0439001145085
CVF85362002J4P0DGN-1,43565734912000,1600319143936,15079,0.0433288482068
CVF85362002J4P0DGN-2,43566385664000,1600319143936,15079,0.0433294954204
CVF85362002L4P0DGN-1,101900548608000,1600319143936,15097,0.101225634635
CVF85362002L4P0DGN-2,101899523072000,1600319143936,15098,0.101217911387
CVF85362002P4P0DGN-1,102596214784000,1600319143936,15082,0.10201805581
CVF85362002P4P0DGN-2,102591804928000,1600319143936,15082,0.102013670805
CVF85362002Z4P0DGN-1,42493368832000,1600319143936,15185,0.04196729791
CVF85362002Z4P0DGN-2,42492931584000,1600319143936,15185,0.0419668660751
CVF85362003E4P0DGN-1,106967297024000,1600319143936,15089,0.106315161758
CVF85362003E4P0DGN-2,106967770112000,1600319143936,15089,0.106315631962
CVF85362003M4P0DGN-1,43562908672000,1600319143936,15106,0.0432485977072
CVF85362003M4P0DGN-2,43563061760000,1600319143936,15106,0.0432487496907
CVF85362003N4P0DGN-1,38385374720000,1600319143936,15131,0.0380454560601
CVF85362003N4P0DGN-2,38387102720000,1600319143936,15131,0.0380471687579
CVF85362003P4P0DGN-1,44191482368000,1600319143936,15065,0.0439920373119
CVF85362003P4P0DGN-2,44193058304000,1600319143936,15065,0.0439936061354
CVF85362003T4P0DGN-1,50927737344000,1600319143936,15066,0.05069452516
CVF85362003T4P0DGN-2,50932077568000,1600319143936,15066,0.0506988455089
CVF85362003X4P0DGN-1,66134923264000,1600319143936,14611,0.0678821445776
CVF85362003X4P0DGN-2,66135019008000,1600319143936,14611,0.0678822428511
CVF8536200404P0DGN-1,45988140544000,1600319143936,15096,0.045686575269
CVF8536200404P0DGN-2,45990135808000,1600319143936,15096,0.0456885574491
CVF8536200464P0DGN-1,42867139072000,1600319143936,15098,0.0425803983491
CVF8536200464P0DGN-2,42874247168000,1600319143936,15098,0.0425874588987
CVF8536200494P0DGN-1,43912510464000,1600319143936,15065,0.0437143244643
CVF8536200494P0DGN-2,43911295488000,1600319143936,15065,0.0437131149717
CVF85362004A4P0DGN-1,44345511424000,1600319143936,15202,0.0437475343498
CVF85362004A4P0DGN-2,44342563328000,1600319143936,15202,0.0437446260074
CVF85362004C4P0DGN-1,46371000832000,1600319143936,15099,0.0460577719916
CVF85362004C4P0DGN-2,46370964992000,1600319143936,15099,0.0460577363937
CVF85362004D4P0DGN-1,44983987200000,1600319143936,15128,0.0445944767255
CVF85362004D4P0DGN-2,44982815232000,1600319143936,15128,0.0445933149054
CVF85362004F4P0DGN-1,101725128704000,1600319143936,15091,0.101091553394
CVF85362004F4P0DGN-2,101722391040000,1600319143936,15091,0.101088832781
CVF85362004G4P0DGN-1,43561878016000,1600319143936,15078,0.0433278856751
CVF85362004G4P0DGN-2,43564726784000,1600319143936,15078,0.0433307191409
CVF85362004L4P0DGN-1,106966410240000,1600319143936,15089,0.106314280381
CVF85362004L4P0DGN-2,106972298240000,1600319143936,15090,0.106313086749
CVF85362004N4P0DGN-1,43308995072000,1600319143936,15074,0.0430877917286
CVF85362004N4P0DGN-2,43307808256000,1600319143936,15073,0.0430894695036
CVF85362005B4P0DGN-1,101896903168000,1600319143936,15085,0.101302534663
CVF85362005B4P0DGN-2,101903398400000,1600319143936,15085,0.101308992008
CVF85362005E4P0DGN-1,46447942144000,1600319143936,15140,0.0460092594994
CVF85362005E4P0DGN-2,46446319616000,1600319143936,15140,0.0460076522955
CVF85362005F4P0DGN-1,44644817408000,1600319143936,15174,0.044124074839
CVF85362005F4P0DGN-2,44654069760000,1600319143936,15174,0.0441332192705
CVF85362005G4P0DGN-1,45665133056000,1600319143936,15122,0.0452876864289
CVF85362005G4P0DGN-2,45667140096000,1600319143936,15122,0.0452896768797
CVF85362005K4P0DGN-1,101998268416000,1600319143936,14610,0.104700130793
CVF85362005K4P0DGN-2,101994242048000,1600319143936,14610,0.10469599777
CVF85362005N4P0DGN-1,45549395456000,1600319143936,15068,0.0453347940266
CVF85362005N4P0DGN-2,45540137472000,1600319143936,15069,0.0453225717916
CVF85362005S4P0DGN-1,44363481088000,1600319143936,15157,0.0438951974923
CVF85362005S4P0DGN-2,44365524480000,1600319143936,15157,0.0438972193151
CVF85362005X4P0DGN-1,45953420288000,1600319143936,15067,0.0457399509048
CVF85362005X4P0DGN-2,45953980416000,1600319143936,15067,0.0457405084308
CVF8536200614P0DGN-1,90884317696000,1600319143936,15139,0.090031897491
CVF8536200614P0DGN-2,90879561728000,1600319143936,15139,0.0900271861301
CVF8536200654P0DGN-1,44308424704000,1600319143936,15074,0.0440821167126
CVF8536200654P0DGN-2,44307266048000,1600319143936,15074,0.0440809639745
CVF8536200664P0DGN-1,101688033280000,1600319143936,15097,0.101014526852
CVF8536200664P0DGN-2,101687117824000,1600319143936,15097,0.101013617459
CVF8536200694P0DGN-1,45509053952000,1600319143936,15153,0.0450405645423
CVF8536200694P0DGN-2,45504563712000,1600319143936,15153,0.0450361205267
CVF85362006A4P0DGN-1,45776287232000,1600319143936,15215,0.0451204320943
CVF85362006A4P0DGN-2,45772350976000,1600319143936,15215,0.0451165522346
CVF85362006B4P0DGN-1,35706477056000,1600319143936,15096,0.0354723333519
CVF85362006B4P0DGN-2,35701274624000,1600319143936,15096,0.0354671650346
CVF85362006D4P0DGN-1,44161226752000,1600319143936,15131,0.0437701604897
CVF85362006D4P0DGN-2,44157536768000,1600319143936,15131,0.0437665031821
CVF85362006F4P0DGN-1,101995863552000,1600319143936,14610,0.104697662226
CVF85362006F4P0DGN-2,101997103104000,1600319143936,14610,0.104698934613
CVF85362006H4P0DGN-1,101641584640000,1600319143936,14609,0.104341140477
CVF85362006H4P0DGN-2,101639847936000,1600319143936,14610,0.104332216007
CVF85362006J4P0DGN-1,43045562880000,1600319143936,15078,0.0428143439224
CVF85362006J4P0DGN-2,43045846528000,1600319143936,15078,0.0428146260468
CVF85362006M4P0DGN-1,44067762176000,1600319143936,15105,0.0437527050194
CVF85362006M4P0DGN-2,44061580800000,1600319143936,15105,0.0437465678364
CVF85362006R4P0DGN-1,44650926592000,1600319143936,15174,0.0441301127648
CVF85362006R4P0DGN-2,44651231744000,1600319143936,15174,0.0441304143575
CVF85362006S4P0DGN-1,43437469696000,1600319143936,15141,0.0430243780174
CVF85362006S4P0DGN-2,43437184512000,1600319143936,15141,0.0430240955455
CVF85362006V4P0DGN-1,45908833280000,1600319143936,15091,0.0456228989821
CVF85362006V4P0DGN-2,45901703168000,1600319143936,15091,0.0456158132786
CVF85362006Z4P0DGN-1,46331759104000,1600319143936,15154,0.0458517744997
CVF85362006Z4P0DGN-2,46333676544000,1600319143936,15155,0.045850646429
CVF8536200724P0DGN-1,44063626752000,1600319143936,15104,0.043751495652
CVF8536200724P0DGN-2,44065329152000,1600319143936,15104,0.0437531859928
CVF8536200784P0DGN-1,46425241600000,1600319143936,15107,0.0460872276803
CVF8536200784P0DGN-2,46424262656000,1600319143936,15107,0.0460862558638
CVF85362007R4P0DGN-1,45706121728000,1600319143936,15121,0.0453313340153
CVF85362007R4P0DGN-2,45705856512000,1600319143936,15121,0.0453310709741
CVF85362007T4P0DGN-1,102954095104000,1600319143936,15082,0.102373919372
CVF85362007T4P0DGN-2,102950831104000,1600319143936,15083,0.10236388661
CVF85362007Z4P0DGN-1,43437554688000,1600319143936,15140,0.0430273039753
CVF85362007Z4P0DGN-2,43434429440000,1600319143936,15140,0.0430242082441
CVF85362008A4P0DGN-1,50515817472000,1600319143936,15128,0.0500784076011
CVF85362008A4P0DGN-2,50509625344000,1600319143936,15128,0.0500722690899
CVF85362008J4P0DGN-1,49994519040000,1600319143936,15097,0.0496633922706
CVF85362008J4P0DGN-2,49986468352000,1600319143936,15097,0.0496553949044
CVF85362008M4P0DGN-1,48599267840000,1600319143936,15104,0.0482550078676
CVF85362008M4P0DGN-2,48602108416000,1600319143936,15104,0.048257828322
CVF85362008P4P0DGN-1,45690195456000,1600319143936,15078,0.0454447708719
CVF85362008P4P0DGN-2,45689923072000,1600319143936,15078,0.045444499951
CVF85362008Q4P0DGN-1,44837131776000,1600319143936,15079,0.0445933319081
CVF85362008Q4P0DGN-2,44834153472000,1600319143936,15079,0.0445903697985
CVF85362008U4P0DGN-1,101640011776000,1600319143936,14609,0.104339525838
CVF85362008U4P0DGN-2,101640365568000,1600319143936,14609,0.104339889027
CVF85362008V4P0DGN-1,102066357760000,1600319143936,14613,0.104748514841
CVF85362008V4P0DGN-2,102062789632000,1600319143936,14613,0.104744852948
CVF85362008X4P0DGN-1,48604785664000,1600319143936,15105,0.0482572916046
CVF85362008X4P0DGN-2,48598021120000,1600319143936,15105,0.0482505754228
CVF85362008Z4P0DGN-1,5988447744000,1600319143936,15035,0.00597331575995
CVF85362008Z4P0DGN-2,5988467200000,1600319143936,15035,0.00597333516678
CVF8536200924P0DGN-1,102687342080000,1600319143936,15139,0.101724219207
CVF8536200924P0DGN-2,102691715584000,1600319143936,15139,0.101728551691
CVF85362009L4P0DGN-1,102548561920000,1600319143936,15085,0.101950392265
CVF85362009L4P0DGN-2,102545415680000,1600319143936,15085,0.101947264377
CVF85362009M4P0DGN-1,43511599616000,1600319143936,15122,0.0431519530889
CVF85362009M4P0DGN-2,43514877952000,1600319143936,15122,0.0431552043277
CVF85362009Q4P0DGN-1,102592448000000,1600319143936,15082,0.102014310253
CVF85362009Q4P0DGN-2,102594251264000,1600319143936,15082,0.102016103355
CVF85362009R4P0DGN-1,5629663744000,1600319143936,15037,0.00561469147498
CVF85362009R4P0DGN-2,5629827584000,1600319143936,15036,0.00561522830668
CVF85362009T4P0DGN-1,51669128704000,1600319143936,15161,0.0511102413218
CVF85362009T4P0DGN-2,51671273472000,1600319143936,15161,0.0511123628905
CVF85362009Y4P0DGN-1,40512061440000,1600319143936,15062,0.0403372549941
CVF85362009Y4P0DGN-2,40511813632000,1600319143936,15062,0.0403370082554
CVF85362009Z4P0DGN-1,49921408000000,1600319143936,15097,0.0495907654641
CVF85362009Z4P0DGN-2,49926720000000,1600319143936,15097,0.0495960422814
CVF8536200A14P0DGN-1,101729198592000,1600319143936,15091,0.101095597934
CVF8536200A14P0DGN-2,101732919296000,1600319143936,15091,0.101099295464
CVF8536200A24P0DGN-1,46796423680000,1600319143936,15080,0.0465388839138
CVF8536200A24P0DGN-2,46794231808000,1600319143936,15080,0.0465367041046
CVF8536200A74P0DGN-1,5774477824000,1600319143936,15037,0.00575912041735
CVF8536200A74P0DGN-2,5773907456000,1600319143936,15037,0.00575855156626
CVF8536200A84P0DGN-1,50306690560000,1600319143936,15094,0.0499834286529
CVF8536200A84P0DGN-2,50306481664000,1600319143936,15095,0.0499799098557
CVF8536200A94P0DGN-1,45720216064000,1600319143936,15098,0.0454143909474
CVF8536200A94P0DGN-2,45721310720000,1600319143936,15098,0.0454154782812
CVF8536200AA4P0DGN-1,49854531584000,1600319143936,15099,0.0495177720395
CVF8536200AA4P0DGN-2,49851219968000,1600319143936,15099,0.049514482793
CVF8536200AB4P0DGN-1,42676021248000,1600319143936,15135,0.0422869282207
CVF8536200AB4P0DGN-2,42677012992000,1600319143936,15135,0.0422879109226
CVF8536200AC4P0DGN-1,65377395200000,1600319143936,14613,0.0670954191142
CVF8536200AC4P0DGN-2,65380888064000,1600319143936,14612,0.0671035958136
CVF8536200AD4P0DGN-1,49990266880000,1600319143936,15096,0.0496624578318
CVF8536200AD4P0DGN-2,49986982912000,1600319143936,15096,0.0496591953983
CVF8536200AJ4P0DGN-1,51829944320000,1600319143936,15157,0.0512828476518
CVF8536200AJ4P0DGN-2,51829763584000,1600319143936,15157,0.0512826688236
CVF8536200AM4P0DGN-1,46800582144000,1600319143936,15080,0.0465430194921
CVF8536200AM4P0DGN-2,46800363520000,1600319143936,15080,0.0465428020713
CVF8536200AP4P0DGN-1,102685213184000,1600319143936,14615,0.105369211598
CVF8536200AP4P0DGN-2,102681337856000,1600319143936,14615,0.105365234976
CVF8536200AQ4P0DGN-1,41747975680000,1600319143936,15134,0.041370077391
CVF8536200AQ4P0DGN-2,41742621184000,1600319143936,15134,0.0413647713633
CVF8536200AR4P0DGN-1,46069299200000,1600319143936,15066,0.045858335147
CVF8536200AR4P0DGN-2,46069232128000,1600319143936,15066,0.0458582683821
CVF8536200AY4P0DGN-1,45531038720000,1600319143936,15101,0.0452174942232
CVF8536200AY4P0DGN-2,45523183104000,1600319143936,15101,0.0452096927041
CVF8536200AZ4P0DGN-1,44152027136000,1600319143936,15131,0.0437610423402
CVF8536200AZ4P0DGN-2,44151726592000,1600319143936,15131,0.0437607444576
CVF8536200B04P0DGN-1,5630448640000,1600319143936,15044,0.00561286139334
CVF8536200B04P0DGN-2,5629704704000,1600319143936,15044,0.00561211978109
CVF8536200B14P0DGN-1,45433570304000,1600319143936,15093,0.0451446131047
CVF8536200B14P0DGN-2,45426635264000,1600319143936,15093,0.0451377221715
CVF8536200B34P0DGN-1,44986589184000,1600319143936,15128,0.0445970561792
CVF8536200B34P0DGN-2,44983912960000,1600319143936,15128,0.0445944031283
CVF8536200B84P0DGN-1,50305564160000,1600319143936,15095,0.0499789983078
CVF8536200B84P0DGN-2,50303917056000,1600319143936,15095,0.0499773618962
CVF8536200BE4P0DGN-1,43892743680000,1600319143936,15042,0.0437614582784
CVF8536200BE4P0DGN-2,43888249856000,1600319143936,15041,0.0437598870758
CVF8536200BH4P0DGN-1,51290245632000,1600319143936,15170,0.05070535636
CVF8536200BH4P0DGN-2,51293594112000,1600319143936,15170,0.0507086666556
CVF8536200BJ4P0DGN-1,35700979712000,1600319143936,15096,0.0354668720565
CVF8536200BJ4P0DGN-2,35701692416000,1600319143936,15096,0.0354675800869
CVF8536200BL4P0DGN-1,44286715392000,1600319143936,15097,0.0439933928983
CVF8536200BL4P0DGN-2,44280844800000,1600319143936,15097,0.0439875611888
CVF8536200BN4P0DGN-1,42538744320000,1600319143936,15072,0.0423270909865
CVF8536200BN4P0DGN-2,42536143360000,1600319143936,15072,0.0423245029676
CVF8536200BP4P0DGN-1,102957239808000,1600319143936,15083,0.102370258777
CVF8536200BP4P0DGN-2,102956555264000,1600319143936,15083,0.102369578135
CVF8536200BS4P0DGN-1,45666481152000,1600319143936,15101,0.0453520039458
CVF8536200BS4P0DGN-2,45662988288000,1600319143936,15100,0.0453515383493
CVF8536200BZ4P0DGN-1,101684873216000,1600319143936,15097,0.101011387718
CVF8536200BZ4P0DGN-2,101686767104000,1600319143936,15097,0.101013269062
CVF8536200C34P0DGN-1,66133981184000,1600319143936,14611,0.0678811776088
CVF8536200C34P0DGN-2,66133965824000,1600319143936,14611,0.067881161843
CVF8536200C44P0DGN-1,43909810688000,1600319143936,15065,0.0437116368729
CVF8536200C44P0DGN-2,43912050176000,1600319143936,15065,0.0437138662537
CVF8536200C64P0DGN-1,50508840960000,1600319143936,15127,0.0500748015719
CVF8536200C64P0DGN-2,50511416832000,1600319143936,15127,0.0500773553086
CVF8536200CA4P0DGN-1,50937992704000,1600319143936,15066,0.0507047335579
CVF8536200CA4P0DGN-2,50931780608000,1600319143936,15066,0.0506985499088
CVF8536200CB4P0DGN-1,43513232384000,1600319143936,15122,0.0431535723612
CVF8536200CB4P0DGN-2,43511001088000,1600319143936,15122,0.043151359508
CVF8536200CE4P0DGN-1,42698372608000,1600319143936,15233,0.0420368845375
CVF8536200CE4P0DGN-2,42694609408000,1600319143936,15233,0.0420331796374
CVF8536200CN4P0DGN-1,44283768832000,1600319143936,15091,0.044007955934
CVF8536200CN4P0DGN-2,44284705280000,1600319143936,15090,0.0440118029767
CVF8536200CU4P0DGN-1,46055129600000,1600319143936,15115,0.0456956120219
CVF8536200CU4P0DGN-2,46056839680000,1600319143936,15115,0.0456973087526
CVF8536200CV4P0DGN-1,51365128704000,1600319143936,15063,0.0511400967973
CVF8536200CV4P0DGN-2,51366651392000,1600319143936,15063,0.0511416128144
CVF8536200D24P0DGN-1,49851031552000,1600319143936,15078,0.0495832570642
CVF8536200D24P0DGN-2,49847815168000,1600319143936,15078,0.049580057957
CVF8536200D64P0DGN-1,44305830400000,1600319143936,15074,0.0440795356591
CVF8536200D64P0DGN-2,44305911808000,1600319143936,15074,0.0440796166513
CVF8536200DD4P0DGN-1,51333707776000,1600319143936,15112,0.0509430954295
CVF8536200DD4P0DGN-2,51331802624000,1600319143936,15112,0.0509412047743
CVF8536200DJ4P0DGN-1,46070388736000,1600319143936,15067,0.0458563759942
CVF8536200DJ4P0DGN-2,46065981440000,1600319143936,15067,0.0458519891716
CVF8536200DU4P0DGN-1,45992999424000,1600319143936,15096,0.0456914022871
CVF8536200DU4P0DGN-2,45989938176000,1600319143936,15096,0.0456883611131
CVF8536200DZ4P0DGN-1,48111003648000,1600319143936,15098,0.0477891864178
CVF8536200DZ4P0DGN-2,48107428864000,1600319143936,15098,0.0477856355457
CVF8536200E54P0DGN-1,102098158080000,1600319143936,14612,0.104788321725
CVF8536200E54P0DGN-2,102098882560000,1600319143936,14613,0.104781894346
CVF8536200E74P0DGN-1,48113622528000,1600319143936,15099,0.0477886225512
CVF8536200E74P0DGN-2,48109296128000,1600319143936,15099,0.0477843253754
CVF8536200E94P0DGN-1,41395015168000,1600319143936,15160,0.0409499603822
CVF8536200E94P0DGN-2,41394935808000,1600319143936,15160,0.0409498818754
CVF8536200G04P0DGN-1,41395533312000,1600319143936,15159,0.0409531743521
CVF8536200G04P0DGN-2,41394149376000,1600319143936,15159,0.0409518052051
CVF8536200G34P0DGN-1,5627803648000,1600319143936,15037,0.00561283632596
CVF8536200G34P0DGN-2,5628503552000,1600319143936,15037,0.00561353436855
CVF8536200G44P0DGN-1,51266682368000,1600319143936,15152,0.0507422701629
CVF8536200G44P0DGN-2,51272077824000,1600319143936,15152,0.0507476104282
CVF8536200G74P0DGN-1,43015602176000,1600319143936,15156,0.042564354495
CVF8536200G74P0DGN-2,43018144256000,1600319143936,15157,0.042564061511
CVF8536200G84P0DGN-1,34741038592000,1600319143936,15157,0.0343743257446
CVF8536200G84P0DGN-2,34742715904000,1600319143936,15158,0.0343737175072
CVF8536200GA4P0DGN-1,100927403008000,1600319143936,14612,0.103586718665
CVF8536200GA4P0DGN-2,100930433536000,1600319143936,14612,0.103589829044
CVF8536200GH4P0DGN-1,100933864960000,1600319143936,14612,0.103593350882
CVF8536200GH4P0DGN-2,100926661632000,1600319143936,14612,0.103585957755
CVF8536200GK4P0DGN-1,43019497472000,1600319143936,15157,0.0425654004429
CVF8536200GK4P0DGN-2,43017014784000,1600319143936,15157,0.0425629439612
CVF8536200GL4P0DGN-1,101493685760000,1600319143936,14615,0.104146539887
CVF8536200GL4P0DGN-2,101499501568000,1600319143936,14615,0.104152507709
CVF8536200GR4P0DGN-1,43059591168000,1600319143936,15156,0.0426078820281
CVF8536200GR4P0DGN-2,43054524928000,1600319143936,15156,0.0426028689346
CVF8536300024P0DGN-1,42871046144000,1600319143936,15098,0.0425842792865
CVF8536300024P0DGN-2,42865128448000,1600319143936,15098,0.0425784011743
CVF8536300054P0DGN-1,47415681024000,1600319143936,15133,0.0469895841636
CVF8536300054P0DGN-2,47416143360000,1600319143936,15134,0.0469869374128
CVF8536300074P0DGN-1,101900408832000,1600319143936,15097,0.101225495785
CVF8536300074P0DGN-2,101897559040000,1600319143936,15098,0.101215960492
CVF8536300094P0DGN-1,44670653440000,1600319143936,15124,0.044295568289
CVF8536300094P0DGN-2,44681512448000,1600319143936,15125,0.0443034067728
CVF85363000R4P0DGN-1,5774013952000,1600319143936,15037,0.00575865777903
CVF85363000R4P0DGN-2,5774030848000,1600319143936,15037,0.00575867463009
CVF85363000W4P0DGN-1,51332818432000,1600319143936,15112,0.0509422128527
CVF85363000W4P0DGN-2,51330267136000,1600319143936,15112,0.0509396809702
CVF85363000Y4P0DGN-1,35194634240000,1600319143936,15060,0.0350474258403
CVF85363000Y4P0DGN-2,35198480896000,1600319143936,15059,0.0350535840021
CVF85363000Z4P0DGN-1,46826844672000,1600319143936,15111,0.0464736015684
CVF85363000Z4P0DGN-2,46817469440000,1600319143936,15111,0.0464642970594
CVF8536300264P0DGN-1,50215047680000,1600319143936,15070,0.0499718316539
CVF8536300264P0DGN-2,50214712320000,1600319143936,15070,0.0499714979183
CVF85363002A4P0DGN-1,43888159744000,1600319143936,15041,0.0437597972273
CVF85363002A4P0DGN-2,43884987392000,1600319143936,15041,0.0437566341537
CVF85363002B4P0DGN-1,45540310528000,1600319143936,15073,0.0453107164897
CVF85363002B4P0DGN-2,45539916800000,1600319143936,15073,0.0453103247467
CVF85363002C4P0DGN-1,42537831424000,1600319143936,15072,0.0423261826326
CVF85363002C4P0DGN-2,42536370688000,1600319143936,15072,0.0423247291646
CVF85363002F4P0DGN-1,44912862720000,1600319143936,15080,0.0446656889564
CVF85363002F4P0DGN-2,44914075648000,1600319143936,15080,0.0446668952092
CVF85363002H4P0DGN-1,43591428608000,1600319143936,15106,0.0432769118689
CVF85363002H4P0DGN-2,43589187072000,1600319143936,15106,0.0432746865058
CVF85363002J4P0DGN-1,101901208064000,1600319143936,15085,0.101306814449
CVF85363002J4P0DGN-2,101902907904000,1600319143936,15085,0.101308504373
CVF85363002L4P0DGN-1,46401999872000,1600319143936,15167,0.0458819273535
CVF85363002L4P0DGN-2,46395975680000,1600319143936,15167,0.0458759706805
CVF85363004Z4P0DGN-1,5629911040000,1600319143936,15044,0.00561232547258
CVF85363004Z4P0DGN-2,5633026048000,1600319143936,15044,0.00561543075056
CVF8536300514P0DGN-1,43273093632000,1600319143936,15241,0.0425803397619
CVF8536300514P0DGN-2,43262497280000,1600319143936,15241,0.0425699130457
CVF8536300524P0DGN-1,102508501504000,1600319143936,14614,0.105195078754
CVF8536300524P0DGN-2,102510657024000,1600319143936,14614,0.105197290767
CVF8536300544P0DGN-1,41747591168000,1600319143936,15134,0.0413696963596
CVF8536300544P0DGN-2,41746219520000,1600319143936,15134,0.0413683371276
CVF85363005B4P0DGN-1,44663891968000,1600319143936,15125,0.0442859354016
CVF85363005B4P0DGN-2,44674110464000,1600319143936,15125,0.0442960674262
CVF85363005D4P0DGN-1,102100939264000,1600319143936,14612,0.10479117619
CVF85363005D4P0DGN-2,102104361984000,1600319143936,14613,0.104787517761
CVF85363005E4P0DGN-1,101498397184000,1600319143936,14615,0.104151374459
CVF85363005E4P0DGN-2,101498810368000,1600319143936,14615,0.104151798443
CVF8536500014P0DGN-1,43509049856000,1600319143936,15111,0.0431808348777
CVF8536500014P0DGN-2,43512181760000,1600319143936,15111,0.0431839431559
CVF85381000C4P0DGN-1,47419866112000,1600319143936,15134,0.0469906264668
CVF85381000C4P0DGN-2,47417091072000,1600319143936,15133,0.0469909815403
CVF85381000N4P0DGN-1,102505201664000,1600319143936,14610,0.105220492347
CVF85381000N4P0DGN-2,102503585280000,1600319143936,14610,0.105218833146
CVF85381003A4P0DGN-1,51469799936000,1600319143936,15125,0.0510342501439
CVF85381003A4P0DGN-2,51468763648000,1600319143936,15125,0.0510332226252
CVF85381003B4P0DGN-1,30522283520000,1600319143936,15167,0.0301801904873
CVF85381003B4P0DGN-2,30518417408000,1600319143936,15167,0.0301763677066
CVF85381003C4P0DGN-1,45727564288000,1600319143936,15098,0.0454216900187
CVF85381003C4P0DGN-2,45718147584000,1600319143936,15098,0.0454123363036
CVF85381003D4P0DGN-1,46424865792000,1600319143936,15107,0.0460868546085
CVF85381003D4P0DGN-2,46421910016000,1600319143936,15107,0.046083920353
CVF85381003F4P0DGN-1,41610475520000,1600319143936,15102,0.0413211932294
CVF85381003F4P0DGN-2,41605453312000,1600319143936,15102,0.0413162059365
CVF85382001Y4P0DGN-1,5178731520000,1600319143936,15044,0.00516255525511
CVF85382001Y4P0DGN-2,5180419584000,1600319143936,15045,0.0051638947935
CVF85382002L4P0DGN-1,34742347776000,1600319143936,15158,0.034373353289
CVF85382002L4P0DGN-2,34737583616000,1600319143936,15158,0.0343686397286
CVF8539000034P0DGN-1,46822188544000,1600319143936,15111,0.0464689805644
CVF8539000034P0DGN-2,46825377792000,1600319143936,15111,0.0464721457539
CVF8539000054P0DGN-1,5988193792000,1600319143936,15035,0.00597306244965
CVF8539000054P0DGN-2,5988198912000,1600319143936,15035,0.00597306755671
CVF8539000084P0DGN-1,45425862144000,1600319143936,15093,0.0451369539686
CVF8539000084P0DGN-2,45427780096000,1600319143936,15093,0.0451388597224
CVF85390000H4P0DGN-1,51269014528000,1600319143936,15152,0.050744578467
CVF85390000H4P0DGN-2,51266036736000,1600319143936,15152,0.0507416311351
CVF85390000R4P0DGN-1,43515898368000,1600319143936,15161,0.0430452017038
CVF85390000R4P0DGN-2,43519090176000,1600319143936,15161,0.0430483589871
CVF8539000124P0DGN-1,43709511168000,1600319143936,15154,0.0432566923493
CVF8539000124P0DGN-2,43705077248000,1600319143936,15154,0.0432523043636
CVF85390001D4P0DGN-1,46401421824000,1600319143936,15166,0.0458843810616
CVF85390001D4P0DGN-2,46399347712000,1600319143936,15166,0.045882330061
CVF85390001F4P0DGN-1,45824058368000,1600319143936,15160,0.0453313851222
CVF85390001F4P0DGN-2,45817079296000,1600319143936,15160,0.0453244810851
CVF85390001J4P0DGN-1,45818570752000,1600319143936,15161,0.0453229668642
CVF85390001J4P0DGN-2,45827431424000,1600319143936,15161,0.0453317316933
CVF85390001P4P0DGN-1,43150665216000,1600319143936,15155,0.0427008180997
CVF85390001P4P0DGN-2,43145999360000,1600319143936,15155,0.0426962008854
CVF8539000294P0DGN-1,44338957824000,1600319143936,15203,0.0437381919877
CVF8539000294P0DGN-2,44341280768000,1600319143936,15203,0.0437404834572
CVF85390002A4P0DGN-1,43708283904000,1600319143936,15154,0.0432554777995
CVF85390002A4P0DGN-2,43703114240000,1600319143936,15154,0.0432503616918
CVF85390002C4P0DGN-1,45506009600000,1600319143936,15154,0.0450345795392
CVF85390002C4P0DGN-2,45503990784000,1600319143936,15154,0.0450325816376
CVF85390002E4P0DGN-1,5176058880000,1600319143936,15029,0.00516504089778
CVF85390002E4P0DGN-2,5177651200000,1600319143936,15029,0.0051666298283
CVF85390002F4P0DGN-1,46335007744000,1600319143936,15155,0.0458519637512
CVF85390002F4P0DGN-2,46336994304000,1600319143936,15155,0.0458539296013
CVF85390002J4P0DGN-1,46865012736000,1600319143936,15200,0.0462391447424
CVF85390002J4P0DGN-2,46867006976000,1600319143936,15200,0.04624111235
CVF85390002R4P0DGN-1,43513274368000,1600319143936,15111,0.0431850275217
CVF85390002R4P0DGN-2,43514803200000,1600319143936,15111,0.0431865448208
CVF85390002W4P0DGN-1,50105026048000,1600319143936,15093,0.0497863584219
CVF85390002W4P0DGN-2,50106444288000,1600319143936,15093,0.0497877676419
CVF8539000374P0DGN-1,51470366208000,1600319143936,15124,0.0510381860495
CVF8539000374P0DGN-2,51465302528000,1600319143936,15124,0.0510331648876
CVF8539000434P0DGN-1,5180488192000,1600319143936,15044,0.00516430643998
CVF8539000434P0DGN-2,5176252416000,1600319143936,15045,0.00515974091817
CVF85390004H4P0DGN-1,43561891840000,1600319143936,15106,0.0432475882118
CVF85390004H4P0DGN-2,43563998720000,1600319143936,15106,0.0432496798904
CVF85390004R4P0DGN-1,41610227200000,1600319143936,15102,0.0413209466358
CVF85390004R4P0DGN-2,41605819392000,1600319143936,15102,0.0413165694715
CVF85390004W4P0DGN-1,42699254784000,1600319143936,15234,0.0420349935775
CVF85390004W4P0DGN-2,42699152896000,1600319143936,15234,0.0420348932746
CVF85390004X4P0DGN-1,43593330688000,1600319143936,15106,0.0432788002252
CVF85390004X4P0DGN-2,43595483136000,1600319143936,15106,0.043280937143
CVF8539000504P0DGN-1,42678344192000,1600319143936,15136,0.0422864360354
CVF8539000504P0DGN-2,42674150912000,1600319143936,15136,0.0422822812616
CVF8539000514P0DGN-1,102063662592000,1600319143936,14613,0.104745748848
CVF8539000514P0DGN-2,102064871936000,1600319143936,14613,0.104746989972
CVF8539000554P0DGN-1,43266226688000,1600319143936,15241,0.04257358275
CVF8539000554P0DGN-2,43265394176000,1600319143936,15241,0.0425727635656
CVF85390005W4P0DGN-1,65383739904000,1600319143936,14612,0.0671065227961
CVF85390005W4P0DGN-2,65383254016000,1600319143936,14613,0.0671014318915
CVF85390005Z4P0DGN-1,42496285184000,1600319143936,15185,0.0419701781573
CVF85390005Z4P0DGN-2,42497255936000,1600319143936,15185,0.0419711368914
CVF8539000614P0DGN-1,42838665728000,1600319143936,15135,0.042448089811
CVF8539000614P0DGN-2,42832537088000,1600319143936,15134,0.0424448214631
CVF85390006C4P0DGN-1,20135139328000,1600319143936,5298,0.0569963869597
CVF85390006C4P0DGN-2,20133392384000,1600319143936,5298,0.0569914418985
CVF85390006D4P0DGN-1,102681677312000,1600319143936,14615,0.105365583305
CVF85390006D4P0DGN-2,102679414784000,1600319143936,14615,0.105363261638
CVF85390006H4P0DGN-1,49928359424000,1600319143936,15097,0.049597670847
CVF85390006H4P0DGN-2,49926274048000,1600319143936,15097,0.049595599283
CVF85390006Y4P0DGN-1,46369627648000,1600319143936,15099,0.0460564080832
CVF85390006Y4P0DGN-2,46365716480000,1600319143936,15099,0.0460525233346
CVF8539000714P0DGN-1,45776192000000,1600319143936,15215,0.0451203382267
CVF8539000714P0DGN-2,45773974528000,1600319143936,15215,0.0451181525253
CVF85390007F4P0DGN-1,5177885696000,1600319143936,15029,0.00516686382514
CVF85390007F4P0DGN-2,5177684992000,1600319143936,15029,0.00516666354837
CVF85390008V4P0DGN-1,102501811200000,1600319143936,14610,0.105217012072
CVF85390008V4P0DGN-2,102500654080000,1600319143936,14610,0.1052158243
CVF85425000S4P0DGN-1,44915268608000,1600319143936,15080,0.0446680816038
CVF85425000S4P0DGN-2,44908914688000,1600319143936,15080,0.0446617626521
CVF85425002B4P0DGN-1,51364577792000,1600319143936,15063,0.0511395482989
CVF85425002B4P0DGN-2,51364831232000,1600319143936,15063,0.0511398006286
CVF85433002D4P0DGN-1,35146577408000,1600319143936,15065,0.0349879538288
CVF85433002D4P0DGN-2,35149695488000,1600319143936,15065,0.0349910578363
CVF85433002P4P0DGN-1,41911359488000,1600319143936,15090,0.0416530828107
CVF85433002P4P0DGN-2,41911674880000,1600319143936,15090,0.0416533962591
CVF85433002R4P0DGN-1,41911878144000,1600319143936,15090,0.0416535982705
CVF85433002R4P0DGN-2,41915452928000,1600319143936,15090,0.041657151025
CVF85433002T4P0DGN-1,43055667712000,1600319143936,15156,0.0426039997304
CVF85433002T4P0DGN-2,43051173888000,1600319143936,15156,0.0425995530481
CVF8550400CL4P0DGN-1,101670310400000,1600319143936,14610,0.1043634854
CVF8550400CL4P0DGN-2,101670149632000,1600319143936,14610,0.104363320374
CVF8551400084P0DGN-1,101742365696000,1600319143936,14611,0.104430301526
CVF8551400084P0DGN-2,101739571200000,1600319143936,14611,0.104427433202
CVF85514000C4P0DGN-1,103543307776000,1600319143936,14617,0.106235197338
CVF85514000C4P0DGN-2,103541839360000,1600319143936,14617,0.106233690747
CVF85514000D4P0DGN-1,101739373568000,1600319143936,14611,0.104427230349
CVF85514000D4P0DGN-2,101742063616000,1600319143936,14610,0.104437139309
CVF85514000E4P0DGN-1,101675215872000,1600319143936,14608,0.104382810043
CVF85514000E4P0DGN-2,101676650496000,1600319143936,14608,0.104384282871
CVF85514000H4P0DGN-1,101880151040000,1600319143936,14611,0.104571727027
CVF85514000H4P0DGN-2,101878454272000,1600319143936,14611,0.104569985432
CVF85514000M4P0DGN-1,103544396800000,1600319143936,14616,0.106243583169
CVF85514000M4P0DGN-2,103542944768000,1600319143936,14617,0.106234824893
CVF85514000N4P0DGN-1,101879869440000,1600319143936,14612,0.104564281442
CVF85514000N4P0DGN-2,101877635072000,1600319143936,14612,0.104561988201
CVF85514000T4P0DGN-1,103342705664000,1600319143936,14612,0.106065661641
CVF85514000T4P0DGN-2,103343901696000,1600319143936,14613,0.106059630794
CVF8551400134P0DGN-1,102537508352000,1600319143936,14626,0.105138513391
CVF8551400134P0DGN-2,102533992448000,1600319143936,14626,0.105134908302
CVF8551400154P0DGN-1,101966982656000,1600319143936,14609,0.104675180921
CVF8551400154P0DGN-2,101963611136000,1600319143936,14610,0.104664555466
CVF8551400164P0DGN-1,101677461504000,1600319143936,14608,0.104385115476
CVF8551400164P0DGN-2,101674342912000,1600319143936,14608,0.104381913836
CVF85514001A4P0DGN-1,101663952384000,1600319143936,14609,0.104364102298
CVF85514001A4P0DGN-2,101659401216000,1600319143936,14610,0.10435228724
CVF85514001D4P0DGN-1,102484259328000,1600319143936,14607,0.105220601136
CVF85514001D4P0DGN-2,102484818944000,1600319143936,14607,0.105221175694
CVF85514001M4P0DGN-1,108640117760000,1600319143936,14612,0.111502654173
CVF85514001M4P0DGN-2,108636400640000,1600319143936,14612,0.111498839111
CVF85514001Q4P0DGN-1,108637909504000,1600319143936,14612,0.111500387732
CVF85514001Q4P0DGN-2,108640341504000,1600319143936,14612,0.111502883812
CVF85514001V4P0DGN-1,101663152640000,1600319143936,14610,0.104356138036
CVF85514001V4P0DGN-2,101661817344000,1600319143936,14610,0.104354767369
CVF85514002C4P0DGN-1,102958716416000,1600319143936,14610,0.105686020385
CVF85514002C4P0DGN-2,102957577216000,1600319143936,14610,0.105684851009
CVF85514002X4P0DGN-1,101929942016000,1600319143936,14612,0.10461567337
CVF85514002X4P0DGN-2,101930779648000,1600319143936,14612,0.104616533073
CVF8551400344P0DGN-1,101548831232000,1600319143936,14607,0.104260196999
CVF8551400344P0DGN-2,101552683008000,1600319143936,14607,0.104264151618
CVF85514003L4P0DGN-1,102956079104000,1600319143936,14610,0.105683313213
CVF85514003L4P0DGN-2,102955027456000,1600319143936,14610,0.105682233707
CVF85514003M4P0DGN-1,101666351616000,1600319143936,14610,0.104359421751
CVF85514003M4P0DGN-2,101668933120000,1600319143936,14610,0.104362071637
CVF85514003N4P0DGN-1,102002964480000,1600319143936,14618,0.104647649323
CVF85514003N4P0DGN-2,102003083264000,1600319143936,14618,0.104647771187
CVF85514003Q4P0DGN-1,101605968384000,1600319143936,14610,0.10429743901
CVF85514003Q4P0DGN-2,101603418112000,1600319143936,14610,0.104294821183
CVF85514003R4P0DGN-1,101709590016000,1600319143936,14619,0.104339530641
CVF85514003R4P0DGN-2,101708034560000,1600319143936,14618,0.104345072599
CVF85514003S4P0DGN-1,102849730048000,1600319143936,14612,0.10555969671
CVF85514003S4P0DGN-2,102852051968000,1600319143936,14612,0.10556207981
CVF8551400484P0DGN-1,102853640192000,1600319143936,14612,0.105563709882
CVF8551400484P0DGN-2,102853542912000,1600319143936,14612,0.105563610039
CVF85514004B4P0DGN-1,86313630720000,1600319143936,14603,0.0886424888124
CVF85514004B4P0DGN-2,86312902656000,1600319143936,14603,0.0886417411043
CVF85514004C4P0DGN-1,102536476160000,1600319143936,14626,0.105137455016
CVF85514004C4P0DGN-2,102540674048000,1600319143936,14627,0.105134571192
CVF85514004D4P0DGN-1,101934462464000,1600319143936,14612,0.104620312926
CVF85514004D4P0DGN-2,101932995072000,1600319143936,14612,0.10461880687
CVF85514004E4P0DGN-1,86550150656000,1600319143936,14614,0.0888184860851
CVF85514004E4P0DGN-2,86552128000000,1600319143936,14614,0.088820515252
CVF8551400524P0DGN-1,101713176064000,1600319143936,14618,0.104350347409
CVF8551400524P0DGN-2,101706744320000,1600319143936,14618,0.104343748906
CVF8552000084P0DGN-1,103341532160000,1600319143936,14612,0.106064457216
CVF8552000084P0DGN-2,103341932032000,1600319143936,14612,0.106064867624
CVF8552000094P0DGN-1,102008054272000,1600319143936,14618,0.104652871081
CVF8552000094P0DGN-2,102003018752000,1600319143936,14618,0.104647705002
CVF85520000C4P0DGN-1,101550140416000,1600319143936,14607,0.104261541139
CVF85520000C4P0DGN-2,101547919872000,1600319143936,14607,0.104259261306
CVF85520000D4P0DGN-1,102487105024000,1600319143936,14607,0.105223522812
CVF85520000D4P0DGN-2,102483426304000,1600319143936,14607,0.10521974587
CVF8601200044P0DGN-1,101964189184000,1600319143936,14609,0.104672313256
CVF8601200044P0DGN-2,101965691392000,1600319143936,14609,0.104673855362
CVF8601200054P0DGN-1,101608462848000,1600319143936,14610,0.10429999955
CVF8601200054P0DGN-2,101606384640000,1600319143936,14610,0.104297866292
CVF8624200144P0DGN-1,17519515136000,1600319143936,5251,0.0500362444397
CVF8624200144P0DGN-2,17515747840000,1600319143936,5251,0.0500254849328
CVF8624200394P0DGN-1,18805963264000,1600319143936,5250,0.0537206082325
CVF8624200394P0DGN-2,18803485696000,1600319143936,5250,0.0537135308784
CVF8624200544P0DGN-1,13256897536000,1600319143936,3519,0.0564972454254
CVF8624200544P0DGN-2,13257448960000,1600319143936,3519,0.0564995954426
CVF86242005E4P0DGN-1,42820434432000,1600319143936,4647,0.138192043122
CVF86242005E4P0DGN-2,42821664256000,1600319143936,4647,0.138196012065
