,ost_most_full_name,ost_most_full_pct,ost_least_full_pct,ost_actual_timestamp,ost_requested_timestamp,ost_next_timestamp,ost_most_full_kib,ost_least_full_name,ost_least_full_id,ost_avg_full_pct,ost_least_full_kib,ost_avg_full_kib,ost_most_full_id,ost_count
2017-02-14 00:00:00,OST0079,44.7890493391,33.7448778778,1487058303,1487059200,1487058304,53753376044,OST0044,68,37.395837856,40498763356,44880446547,121,248
2017-02-15 00:00:00,OST0079,45.170227151,34.1079350202,1487144703,1487145600,1487144704,54210844880,OST00ee,238,37.7784842607,40934484752,45339677908,121,248
2017-02-16 00:00:00,OST0079,45.2359726727,34.3075923117,1487231122,1487232000,1487231123,54289749072,OST00ee,238,37.9615005374,41174102552,45559324069,121,248
2017-02-17 00:00:00,OST0079,45.3454685129,34.4371056648,1487317503,1487318400,1487317504,54421160012,OST00ee,238,38.1214713242,41329537420,45751312289,121,248
2017-02-18 00:00:00,OST0079,45.2377264067,34.4165618824,1487403904,1487404800,1487403905,54291853808,OST00ee,238,38.0673854521,41304881892,45686401373,121,248
2017-02-19 00:00:00,OST0079,45.2413356091,34.3777032407,1487490315,1487491200,1487490316,54296185376,OST00ee,238,38.1468602066,41258245868,45781782642,121,248
2017-02-20 00:00:00,OST0079,45.4665876505,34.5270105071,1487576704,1487577600,1487576705,54566520600,OST00ee,238,38.3144207673,41437436312,45982879695,121,248
2017-02-21 00:00:00,OST0079,45.4569496858,34.6088396752,1487663103,1487664000,1487663104,54554953640,OST00ee,238,38.385671833,41535643220,46068391341,121,248
2017-02-22 00:00:00,OST0079,45.5044507962,34.6918852826,1487749504,1487750400,1487749505,54611961884,OST00ee,238,38.4385763342,41635310032,46131884440,121,248
2017-02-23 00:00:00,OST0079,45.9229120476,34.9454693354,1487835904,1487836800,1487835905,55114176272,OST00ee,238,38.7415990292,41939647792,46495555764,121,248
2017-02-24 00:00:00,OST0079,46.1000395074,35.1744931094,1487922303,1487923200,1487922304,55326754996,OST00ee,238,39.0666986723,42214509644,46885722638,121,248
2017-02-25 00:00:00,OST0079,46.3652909055,35.5954327136,1488008702,1488009600,1488008703,55645095268,OST00ee,238,39.5531451012,42719698416,47469529131,121,248
2017-02-26 00:00:00,OST0079,46.6070018513,36.004002451,1488095102,1488096000,1488095103,55935183572,OST00ee,238,39.8163216984,43210041548,47785379340,121,248
2017-02-27 00:00:00,OST0079,46.9996579115,36.4155008332,1488181503,1488182400,1488181504,56406427976,OST00ee,238,40.207669539,43703899480,48255053690,121,248
2017-02-28 00:00:00,OST0079,47.8425501737,37.3322903353,1488267903,1488268800,1488267904,57418021332,OST00ee,238,41.1649538652,44804180276,49403934167,121,248
2017-03-01 00:00:00,OST0079,48.0108422315,37.5157911157,1488354303,1488355200,1488354304,57619996288,OST00ee,238,41.323785121,45024407912,49594554784,121,248
2017-03-02 00:00:00,OST0079,48.0554201064,37.5845801517,1488440703,1488441600,1488440704,57673496224,OST00ee,238,41.3893739308,45106964764,49673270899,121,248
2017-03-03 00:00:00,OST0079,48.036743401,37.552112965,1488527103,1488528000,1488527104,57651081460,OST0044,68,41.4027950018,45067999416,49689378137,121,248
2017-03-04 00:00:00,OST0079,48.0949331454,37.6110530285,1488613503,1488614400,1488613504,57720917620,OST0044,68,41.4454553509,45138736068,49740576763,121,248
2017-03-05 00:00:00,OST0079,48.2420925056,37.7717321627,1488699904,1488700800,1488699905,57897530264,OST00ee,238,41.6310667937,45331574408,49963337501,121,248
2017-03-06 00:00:00,OST0079,48.3490221737,37.8338342062,1488786303,1488787200,1488786304,58025861424,OST0044,68,41.678165018,45406105896,50019862223,121,248
2017-03-07 00:00:00,OST0079,48.3534213269,37.9237235504,1488872704,1488873600,1488872705,58031141048,OST00ee,238,41.8470369339,45513986188,50222533093,121,248
2017-03-08 00:00:00,OST0021,48.7551993145,38.2175646786,1488959109,1488960000,1488959110,58513333092,OST0044,68,42.2811525188,45866638296,50743534959,33,248
2017-03-09 00:00:00,OST0021,49.7221420388,38.2956930489,1489045503,1489046400,1489045504,59673805052,OST00ee,238,42.5097401041,45960403708,51017873321,33,248
2017-03-10 00:00:00,OST0021,49.9012163892,38.3886282271,1489131915,1489132800,1489131916,59888720328,OST00ee,238,42.6237291787,46071939444,51154676796,33,248
2017-03-11 00:00:00,OST0021,50.2775730024,38.5548038215,1489218315,1489219200,1489218316,60340403024,OST00ee,238,42.3695429331,46271374336,50849616317,33,248
2017-03-12 00:00:00,OST0021,50.9755981998,38.6966101741,1489304703,1489305600,1489304704,61178134824,OST00ee,238,42.6733597576,46441562592,51214240712,33,248
2017-03-13 00:00:00,OST0021,51.7629556923,38.8542488503,1489387504,1489388400,1489387505,62123078376,OST00ee,238,42.8192781258,46630751940,51389363985,33,248
2017-03-14 00:00:00,OST0021,51.8640561505,38.9879833849,1489473903,1489474800,1489473904,62244413636,OST00ee,238,42.9783089215,46791252840,51580224079,33,248
2017-03-15 00:00:00,OST0021,52.1591620987,39.2433249479,1489560307,1489561200,1489560308,62598583712,OST00ee,238,43.2825861136,47097699868,51945400982,33,248
2017-03-16 00:00:00,OST0021,52.4708480433,39.5032631136,1489646703,1489647600,1489646704,62972652196,OST00ee,238,43.5536430044,47409663488,52270708690,33,248
2017-03-17 00:00:00,OST0021,52.5092369019,39.7604890815,1489733104,1489734000,1489733105,63018724412,OST00ee,238,43.8272688347,47718372076,52599099499,33,248
2017-03-18 00:00:00,OST0079,51.4716708074,39.8820794853,1489819503,1489820400,1489819504,61773494132,OST00ee,238,43.8190072122,47864298252,52589184350,121,248
2017-03-19 00:00:00,OST0079,52.0878687364,40.0426809456,1489905903,1489906800,1489905904,62513021304,OST00ee,238,44.0789589971,48057043372,52901164315,121,248
2017-03-20 00:00:00,OST0079,52.3179380137,40.2875439991,1489992303,1489993200,1489992304,62789137912,OST00ee,238,44.337564761,48350914664,53211528859,121,248
2017-03-21 00:00:00,OST009c,55.6327114422,39.2448095113,1490078704,1490079600,1490078705,66767348328,OST00ee,238,43.5354156145,47099481560,52248833170,156,248
2017-03-22 00:00:00,OST009c,55.8214260271,39.3191274835,1490165103,1490166000,1490165104,66993833288,OST00ee,238,43.5883779453,47188673940,52312395673,156,248
2017-03-23 00:00:00,OST009c,55.8138324079,39.3437175086,1490251504,1490252400,1490251505,66984719840,OST00ee,238,43.6622609903,47218185548,52401066077,156,248
2017-03-24 00:00:00,OST009c,55.7913535834,39.4956113347,1490337903,1490338800,1490337904,66957741980,OST00ee,238,43.743070018,47400480240,52498048668,156,248
2017-03-25 00:00:00,OST009c,58.317354781,39.673865398,1490424303,1490425200,1490424304,69989310952,OST00ee,238,43.8867867747,47614411052,52670529687,156,248
2017-03-26 00:00:00,OST009c,58.9708791275,39.8318511521,1490510703,1490511600,1490510704,70773635256,OST00ee,238,44.0186803701,47804016944,52828821192,156,248
2017-03-27 00:00:00,OST009c,59.2702109367,40.1382967588,1490597103,1490598000,1490597104,71132876980,OST00ee,238,44.1729201526,48171796260,53013931373,156,248
2017-03-28 00:00:00,OST009c,59.3778645036,40.1714420732,1490683504,1490684400,1490683505,71262076924,OST00ee,238,44.3281011126,48211575460,53200171104,156,248
2017-03-29 00:00:00,OST009c,59.5547725767,40.3363655128,1490769903,1490770800,1490769904,71474392352,OST00ee,238,44.5095159376,48409507584,53417895290,156,248
2017-03-30 00:00:00,OST009c,60.0062631466,40.9512791342,1490856305,1490857200,1490856306,72016246728,OST00b2,178,44.9415117196,49147493400,53936353084,156,248
2017-03-31 00:00:00,OST009c,59.9508244186,41.0081992626,1490942705,1490943600,1490942706,71949712188,OST00b2,178,44.9969623245,49215805836,54002901878,156,248
2017-04-01 00:00:00,OST009c,59.3841014574,41.3808369367,1491029103,1491030000,1491029104,71269562176,OST00b2,178,45.0067101709,49663025264,54014600712,156,248
2017-04-02 00:00:00,OST009c,59.6332844671,41.678754674,1491115503,1491116400,1491115504,71568618044,OST00b2,178,45.3585387765,50020569896,54436846230,156,248
2017-04-03 00:00:00,OST009c,59.7279315611,41.7153522332,1491201903,1491202800,1491201904,71682208328,OST00b2,178,45.5816619135,50064492292,54704626459,156,248
2017-04-04 00:00:00,OST009c,59.8010253618,41.9099055235,1491288302,1491289200,1491288303,71769931524,OST00b2,178,45.8277948939,50297984548,55000021848,156,248
2017-04-05 00:00:00,OST009c,60.0593036821,42.1690823049,1491374703,1491375600,1491374704,72079903088,OST00b2,178,46.1026124788,50609034396,55329842936,156,248
2017-04-06 00:00:00,OST009c,60.4139891996,42.6461049523,1491461102,1491462000,1491461103,72505577316,OST00b2,178,46.5263833955,51181530980,55838429695,156,248
2017-04-07 00:00:00,OST009c,60.7005298464,43.089412001,1491547503,1491548400,1491547504,72849467784,OST00b2,178,46.8687940888,51713563940,56249372348,156,248
2017-04-08 00:00:00,OST009c,61.0335205744,43.3796091078,1491633903,1491634800,1491633904,73249105108,OST0044,68,47.1402597876,52061842692,56575170685,156,248
2017-04-09 00:00:00,OST009c,61.1240417286,43.5545066581,1491720321,1491721200,1491720322,73357743664,OST0044,68,47.2984545114,52271745200,56765027371,156,248
2017-04-10 00:00:00,OST009c,61.457458775,43.9583520382,1491806703,1491807600,1491806704,73757892632,OST00b2,178,47.6685050967,52756418416,57209141916,156,248
2017-04-11 00:00:00,OST009c,61.6968282879,44.0565273511,1491893103,1491894000,1491893104,74045170876,OST00b2,178,47.9021256251,52874243076,57489520542,156,248
2017-04-12 00:00:00,OST009c,62.0470087884,44.4437718941,1491979503,1491980400,1491979504,74465438428,OST00b2,178,48.2486592952,53338992872,57905411367,156,248
2017-04-13 00:00:00,OST009c,62.2072072442,44.4386789183,1492065903,1492066800,1492065904,74657699884,OST00b2,178,48.3678520147,53332880560,58048459973,156,248
2017-04-14 00:00:00,OST009c,62.626865797,44.8021617492,1492151050,1492153200,1492151051,75161351208,OST00b2,178,48.575419407,53769112844,58297571045,156,248
2017-04-15 00:00:00,OST009c,62.3509517118,44.8568302806,1492238703,1492239600,1492238704,74830214160,OST00b2,178,48.6918253136,53834723036,58437275070,156,248
2017-04-16 00:00:00,OST009c,62.4489892713,45.0373577882,1492325103,1492326000,1492325104,74947873496,OST00b2,178,48.8669247643,54051382312,58647419888,156,248
2017-04-17 00:00:00,OST009c,62.6795927305,45.2752903354,1492411503,1492412400,1492411504,75224631200,OST00b2,178,49.1142707393,54336935988,58944271047,156,248
2017-04-18 00:00:00,OST009c,61.6440708981,44.2376024823,1492497904,1492498800,1492497905,73981854332,OST00b2,178,48.0816981927,53091559580,57705033751,156,248
2017-04-19 00:00:00,OST009c,61.7491121385,44.404900134,1492584303,1492585200,1492584304,74107919104,OST00b2,178,48.3109449014,53292341104,57980163157,156,248
2017-04-20 00:00:00,OST009c,62.493365944,45.3248635979,1492670704,1492671600,1492670705,75001131960,OST00b2,178,49.1828005134,54396431116,59026516747,156,248
2017-04-21 00:00:00,OST009c,62.565280321,44.9076227486,1492757102,1492758000,1492757103,75087439676,OST00b2,178,49.003968846,53895681388,58811892726,156,248
2017-04-22 00:00:00,OST009c,63.1455755365,45.6788034225,1492843504,1492844400,1492843505,75783878368,OST00b2,178,49.534593615,54821210404,59448719655,156,248
2017-04-23 00:00:00,OST009c,63.6953494961,46.1829015937,1492929903,1492930800,1492929904,76443687112,OST00b2,178,50.0444346406,55426201556,60060603068,156,248
2017-04-24 00:00:00,OST009c,64.1601894673,46.9563365276,1493016302,1493017200,1493016303,77001562712,OST00b2,178,50.7674349589,56354436012,60928308647,156,248
2017-04-25 00:00:00,OST009c,64.4176312924,47.3540332966,1493102703,1493103600,1493102704,77310530360,OST00b2,178,51.1205297568,56831730000,61352073780,156,248
2017-04-26 00:00:00,OST009c,63.7848572066,47.1364115967,1493189103,1493190000,1493189104,76551109388,OST00e9,233,50.8611772934,56570552296,61040813088,156,248
2017-04-27 00:00:00,OST009c,64.3410246043,47.6167596076,1493275503,1493276400,1493275504,77218591188,OST00ac,172,51.4683918867,57147039800,61769558950,156,248
2017-04-28 00:00:00,OST009c,66.5008465613,48.2770160944,1493361903,1493362800,1493361904,79810691792,OST00e9,233,52.2096630054,57939443652,62659192148,156,248
2017-04-29 00:00:00,OST009c,67.2241123116,49.1137444373,1493448303,1493449200,1493448304,80678715928,OST00e9,233,53.2407980222,58943639408,63896704199,156,248
2017-04-30 00:00:00,OST009c,67.2423094319,49.2077433766,1493534703,1493535600,1493534704,80700555120,OST00e9,233,53.3467969373,59056451812,64023918320,156,248
2017-05-01 00:00:00,OST009c,68.1589935034,50.5569010704,1493621103,1493622000,1493621104,81800709384,OST00ac,172,54.6394667979,60675637348,65575310237,156,248
2017-05-02 00:00:00,OST009c,66.240039261,50.0254086842,1493707503,1493708400,1493707504,79497685084,OST00b2,178,53.7392704838,60037769152,64494943681,156,248
2017-05-03 00:00:00,OST009c,67.4432518342,51.7345225798,1493793903,1493794800,1493793904,80941715240,OST00b2,178,55.2749860125,62088954504,66338025763,156,248
2017-05-04 00:00:00,OST009c,67.4714553511,51.7204538623,1493880304,1493881200,1493880305,80975563564,OST00b2,178,55.1408682835,62072069996,66177064974,156,248
2017-05-05 00:00:00,OST009c,67.123474714,51.1357527243,1493966703,1493967600,1493966704,80557936168,OST00b2,178,54.6470419752,61370343556,65584401552,156,248
2017-05-06 00:00:00,OST009c,67.9692682577,52.1887285671,1494053103,1494054000,1494053104,81573011484,OST00b2,178,55.5939209056,62634067776,66720794040,156,248
2017-05-07 00:00:00,OST009c,68.2820592783,52.5158222601,1494139503,1494140400,1494139504,81948406220,OST00b2,178,56.0310819629,63026627800,67245450916,156,248
2017-05-08 00:00:00,OST009c,67.9335094668,51.989632191,1494225903,1494226800,1494225904,81530095732,OST00b2,178,55.5261481347,62395123156,66639456854,156,248
2017-05-09 00:00:00,OST009c,68.3584883912,52.4815656338,1494312303,1494313200,1494312304,82040132276,OST00b2,178,56.1786011436,62985514864,67422495397,156,248
2017-05-10 00:00:00,OST009c,68.1510663213,52.4672378343,1494398704,1494399600,1494398705,81791195612,OST00b2,178,56.037787334,62968319420,67253498337,156,248
2017-05-11 00:00:00,OST009c,67.7141140853,51.7829315435,1494485103,1494486000,1494485104,81266789352,OST00b2,178,55.5137647596,62147052304,66624595002,156,248
2017-05-12 00:00:00,OST009c,67.5539531582,51.7021998223,1494571503,1494572400,1494571504,81074572936,OST00d6,214,55.3888147915,62050162492,66474636860,156,248
2017-05-13 00:00:00,OST009c,66.8284869914,50.9815343767,1494657903,1494658800,1494657904,80203907980,OST00b2,178,54.8381795622,61185259100,65813794467,156,248
2017-05-14 00:00:00,OST009c,67.0788289206,51.2917868118,1494744303,1494745200,1494744304,80504354720,OST00b2,178,55.1113374299,61557607164,66141623653,156,248
2017-05-15 00:00:00,OST009c,67.4172650251,51.7166746472,1494830703,1494831600,1494830704,80910527288,OST00b2,178,55.5174132663,62067534388,66628973741,156,248
2017-05-16 00:00:00,OST009c,67.3146376887,51.3894599822,1494917103,1494918000,1494917104,80787359552,OST00b2,178,55.2874497212,61674829180,66352984027,156,248
2017-05-17 00:00:00,OST009c,67.0931438116,51.2909208035,1495003503,1495004400,1495003504,80521534672,OST00b2,178,55.2010317894,61556567828,66249269935,156,248
2017-05-18 00:00:00,OST009c,67.4338667454,51.5670705735,1495089903,1495090800,1495089904,80930451768,OST00b2,178,55.4862218133,61887987732,66591539459,156,248
2017-05-19 00:00:00,OST009c,68.0507967457,52.3537837574,1495176303,1495177200,1495176304,81670857532,OST00b2,178,56.3258239761,62832158020,67599184217,156,248
2017-05-20 00:00:00,OST009c,68.0763913756,52.2844249705,1495262702,1495263600,1495262703,81701574812,OST00b2,178,56.2003181013,62748917384,67448558906,156,248
2017-05-21 00:00:00,OST009c,68.3716379901,52.6307852141,1495349102,1495350000,1495349103,82055913708,OST00b2,178,56.5467042592,63164600072,67864272695,156,248
2017-05-22 00:00:00,OST009c,68.0919494992,52.2617556725,1495435503,1495436400,1495435504,81720246824,OST00b2,178,56.2067388702,62721710928,67456264763,156,248
2017-05-23 00:00:00,OST009c,68.3035838984,52.5468630331,1495521903,1495522800,1495521904,81974238896,OST00b2,178,56.4122122365,63063881244,67702862699,156,248
2017-05-24 00:00:00,OST009c,67.5139176726,51.3651036554,1495608302,1495609200,1495608303,81026524528,OST0044,68,55.3274041584,61645598044,66400935165,156,248
2017-05-25 00:00:00,OST009c,67.2794977228,50.985435927,1495694703,1495695600,1495694704,80745186480,OST0044,68,54.877038343,61189941528,65860430658,156,248
2017-05-26 00:00:00,OST009c,67.4122948977,51.12050327,1495781103,1495782000,1495781104,80904562412,OST0044,68,55.0547596942,61352041992,66073722138,156,248
2017-05-27 00:00:00,OST009c,67.895500842,51.8369748708,1495867503,1495868400,1495867504,81484479852,OST0044,68,55.789260878,62211912160,66955230429,156,248
2017-05-28 00:00:00,OST009c,68.3830134275,52.4642649915,1495953902,1495954800,1495953903,82069565888,OST0044,68,56.3530582706,62964751576,67631869333,156,248
2017-05-29 00:00:00,OST009c,69.1230712451,53.5533613113,1496040303,1496041200,1496040304,82957742948,OST0044,68,57.4001840577,64271825624,68888572635,156,248
2017-05-30 00:00:00,OST009c,69.5072827526,54.1821221703,1496126703,1496127600,1496126704,83418852660,OST0044,68,57.9030420558,65026430140,69492075399,156,248
2017-05-31 00:00:00,OST009c,69.9294945792,54.6952412877,1496213103,1496214000,1496213104,83925568284,OST0044,68,58.4420506441,65642247740,70138964131,156,248
2017-06-01 00:00:00,OST009c,70.5175376586,55.4706985764,1496299503,1496300400,1496299504,84631305540,OST0044,68,59.183610887,66572909316,71028944320,156,248
2017-06-02 00:00:00,OST009c,71.8110234094,57.0176706718,1496385903,1496386800,1496385904,86183676644,OST0044,68,60.7127618157,68429500916,72864147927,156,248
2017-06-03 00:00:00,OST009c,72.9688943035,58.5837122084,1496472303,1496473200,1496472304,87573290188,OST0044,68,62.1525795737,70308978620,74592138731,156,248
2017-06-04 00:00:00,OST009c,73.8824775444,59.8450578828,1496558703,1496559600,1496558704,88669723004,OST0044,68,63.3991376086,71822776956,76088189748,156,248
2017-06-05 00:00:00,OST009c,74.465711357,60.8397020217,1496645103,1496646000,1496645104,89369688440,OST0044,68,64.3272264065,73016494644,77202031343,156,248
2017-06-06 00:00:00,OST009c,74.6919071873,61.049490268,1496731502,1496732400,1496731503,89641156348,OST0044,68,64.5606741333,73268271064,77482202582,156,248
2017-06-07 00:00:00,OST009c,74.579736738,60.8464951946,1496817902,1496818800,1496817903,89506535488,OST0044,68,64.2901104427,73024647440,77157486786,156,248
2017-06-08 00:00:00,OST009c,74.4032681449,60.3275007264,1496904303,1496905200,1496904304,89294747500,OST00a8,168,63.8676666509,72401778564,76650492770,156,248
2017-06-09 00:00:00,OST009c,75.033378407,61.1683429904,1496990703,1496991600,1496990704,90050971496,OST00a8,168,64.6058357283,73410911624,77536403067,156,248
2017-06-10 00:00:00,OST009c,75.3179216493,61.4927064345,1497077102,1497078000,1497077103,90392464788,OST00b2,178,64.9297650217,73800194952,77925165351,156,248
2017-06-11 00:00:00,OST009c,74.9165264487,60.8118698463,1497163503,1497164400,1497163504,89910732144,OST00b2,178,64.3635825066,72983091984,77245663953,156,248
2017-06-12 00:00:00,OST009c,74.460905233,60.0771476285,1497249902,1497250800,1497249903,89363920392,OST00b2,178,63.7491356512,72101318420,76508238324,156,248
2017-06-13 00:00:00,OST009c,74.715793761,60.3150839419,1497336303,1497337200,1497336304,89669823712,OST00b2,178,63.9524567984,72386876616,76752253284,156,248
2017-06-14 00:00:00,OST009c,75.7049868241,61.519487304,1497422703,1497423600,1497422704,90856999316,OST00b2,178,65.1388659306,73832335892,78176116866,156,248
2017-06-15 00:00:00,OST009c,75.9908951242,61.9654836233,1497509102,1497510000,1497509103,91200130876,OST00b2,178,65.6054984403,74367596368,78736143773,156,248
2017-06-16 00:00:00,OST009c,75.90471734,61.8692132495,1497595503,1497596400,1497595504,91096704996,OST0098,152,65.4784479536,74252057912,78583664703,156,248
2017-06-17 00:00:00,OST009c,75.99791307,62.0071636363,1497681903,1497682800,1497681904,91208553432,OST00b2,178,65.6150710746,74417618448,78747632327,156,248
2017-06-18 00:00:00,OST009c,76.7336829408,63.261199827,1497768303,1497769200,1497768304,92091584332,OST005b,91,66.7209992852,75922644340,80074907093,156,248
2017-06-19 00:00:00,OST009c,77.010419233,63.5697904935,1497854702,1497855600,1497854703,92423708148,OST005b,91,67.06344593,76292998040,80485892893,156,248
2017-06-20 00:00:00,OST009c,76.9902654667,63.5395205638,1497941103,1497942000,1497941104,92399520696,OST005b,91,67.4767481635,76256669720,80981915709,156,248
2017-06-21 00:00:00,OST009c,77.4132368045,64.3143245317,1498027503,1498028400,1498027504,92907147844,OST005b,91,68.1526890503,77186547216,81793143123,156,248
2017-06-22 00:00:00,OST009c,77.753640887,64.5696653482,1498113903,1498114800,1498113904,93315682272,OST005b,91,68.4391149885,77492993348,82136895924,156,248
2017-06-23 00:00:00,OST009c,77.7021403148,64.4595636647,1498200302,1498201200,1498200303,93253874092,OST005b,91,68.391868458,77360855308,82080193213,156,248
2017-06-24 00:00:00,OST009c,76.2528026311,63.6483357832,1498286702,1498287600,1498286703,91514457992,OST0044,68,67.5216711224,76387263816,81035829796,156,248
2017-06-25 00:00:00,OST009c,76.630022213,64.0762481019,1498373103,1498374000,1498373104,91967176376,OST0044,68,67.9371570212,76900820860,81534473328,156,248
2017-06-26 00:00:00,OST009c,77.5098140111,65.2878154487,1498459503,1498460400,1498459504,93023054544,OST005b,91,69.1291816517,78354877960,82965076325,156,248
2017-06-27 00:00:00,OST009c,77.0888607753,65.3029971679,1498545903,1498546800,1498545904,92517849412,OST005b,91,69.2337108592,78373098232,83090526583,156,248
2017-06-28 00:00:00,OST009c,77.0637221767,65.2421608377,1498632303,1498633200,1498632304,92487679436,OST005b,91,69.1160704906,78300085784,82949341024,156,248
2017-06-29 00:00:00,OST009c,77.375600268,65.6710278873,1498718702,1498719600,1498718703,92861978524,OST005b,91,69.7028513323,78814788644,83653563411,156,248
2017-06-30 00:00:00,OST009c,74.1830271093,63.3436496399,1498805103,1498806000,1498805104,89030426212,OST004c,76,66.9483760856,76021596112,80347792337,156,248
2017-07-01 00:00:00,OST009c,74.2329040083,63.4612243306,1498891503,1498892400,1498891504,89090285748,OST004c,76,67.0615248788,76162702848,80483587352,156,248
2017-07-02 00:00:00,OST009c,74.4423508928,63.6202528316,1498977903,1498978800,1498977904,89341652484,OST004c,76,67.2792994518,76353560188,80744948526,156,248
2017-07-03 00:00:00,OST009c,74.7493972832,64.2307452224,1499064303,1499065200,1499064304,89710152828,OST004c,76,67.7088034267,77086239884,81260415789,156,248
2017-07-04 00:00:00,OST002b,73.0677365089,62.47236745,1499150703,1499151600,1499150704,87691915216,OST00f6,246,65.6828502955,74975930712,78828977254,43,248
2017-07-05 00:00:00,OST002b,73.426634489,62.7519297563,1499237103,1499238000,1499237104,88122645012,OST004c,76,65.9683025393,75311446156,79171561480,43,248
2017-07-06 00:00:00,OST009c,73.2619775104,62.7383520859,1499323505,1499324400,1499323506,87925032680,OST004c,76,65.9348902897,75295150976,79131461919,156,248
2017-07-07 00:00:00,OST009c,73.5822671451,63.0989288358,1499409904,1499410800,1499409905,88309426844,OST00f6,246,66.2732850016,75727895540,79537584810,156,248
2017-07-08 00:00:00,OST009c,73.8785777039,63.409182654,1499496303,1499497200,1499496304,88665042628,OST00f6,246,66.6641025248,76100245264,80006622702,156,248
2017-07-09 00:00:00,OST009c,74.1463921813,63.7336391301,1499582703,1499583600,1499582704,88986458968,OST00f6,246,66.9586698467,76489640244,80360146348,156,248
2017-07-10 00:00:00,OST009c,74.3089963987,63.8835331354,1499669103,1499670000,1499669104,89181607688,OST00f6,246,67.1409993158,76669534860,80578968240,156,248
2017-07-11 00:00:00,OST009c,74.9224287031,63.9360922626,1499755503,1499756400,1499755504,89917815708,OST00f6,246,67.2386341083,76732613460,80696144197,156,248
2017-07-12 00:00:00,OST0035,70.9422287479,58.2270598193,1499841902,1499842800,1499841903,85140996640,OST009c,156,63.8215959895,69880943860,76595201273,53,248
2017-07-13 00:00:00,OST0035,73.3002971408,57.9320668474,1499928302,1499929200,1499928303,87971021812,OST009c,156,64.1201066649,69526909372,76953457517,53,248
2017-07-14 00:00:00,OST0035,73.5999580967,57.5734363549,1500014702,1500015600,1500014703,88330658560,OST009c,156,63.7388536179,69096500600,76495898388,53,248
2017-07-15 00:00:00,OST0035,73.2070373086,57.1522882593,1500101102,1500102000,1500101103,87859096444,OST009c,156,63.307888396,68591061608,75978677416,53,248
2017-07-16 00:00:00,OST0035,73.4614197746,57.960022871,1500187502,1500188400,1500187503,88164392416,OST009c,156,63.8048432191,69560460668,76575095511,53,248
2017-07-17 00:00:00,OST0035,73.6010163751,58.157133128,1500273902,1500274800,1500273903,88331928648,OST009c,156,64.1684664412,69797021656,77011496285,53,248
2017-07-18 00:00:00,OST0035,74.3042211977,58.1140547946,1500360303,1500361200,1500360304,89175876752,OST009c,156,64.3018991858,69745321388,77171634993,53,248
2017-07-19 00:00:00,OST0035,68.8770201123,53.7377530337,1500446702,1500447600,1500446703,82662445788,OST009c,156,59.2648162991,64493122520,71126402630,53,248
2017-07-20 00:00:00,OST0035,68.4324660147,53.200204905,1500533102,1500534000,1500533103,82128916188,OST009c,156,58.9124751757,63847986552,70703542016,53,248
2017-07-21 00:00:00,OST0035,69.0472411829,53.7644302557,1500619502,1500620400,1500619503,82866735840,OST009c,156,59.4803447303,64525139068,71385068107,53,248
2017-07-22 00:00:00,OST0035,69.2461657165,54.7759341869,1500705903,1500706800,1500705904,83105474224,OST009c,156,60.3529763249,65739090960,72432352989,53,248
2017-07-23 00:00:00,OST0035,70.1424595504,55.923210529,1500780890,1500793200,1500780891,84181157236,OST009c,156,61.4671475177,67115989500,73769520533,53,248
2017-07-24 00:00:00,OST0035,70.7539762436,56.5990043287,1500878702,1500879600,1500878703,84915066244,OST009c,156,62.0366679864,67927040388,74453027961,53,248
2017-07-25 00:00:00,OST0035,71.1005696356,56.8221825815,1500965103,1500966000,1500965104,85331028744,OST009c,156,62.2453730424,68194886764,74703504395,53,248
2017-07-26 00:00:00,OST0035,71.0481156457,56.8849207211,1501051504,1501052400,1501051505,85268076324,OST009c,156,61.9406826905,68270181660,74337831640,53,248
2017-07-27 00:00:00,OST0035,70.8989232354,56.9471858414,1501137903,1501138800,1501137904,85089023724,OST009c,156,61.9299751438,68344908864,74324981026,53,248
2017-07-28 00:00:00,OST0035,70.4211571548,56.5833330988,1501224303,1501225200,1501224304,84515634912,OST009c,156,61.4026597444,67908232632,73692125822,53,248
2017-07-29 00:00:00,OST0035,70.5069867412,56.8345754922,1501310702,1501311600,1501310703,84618642904,OST009c,156,61.5459938259,68209760060,73864147575,53,248
2017-07-30 00:00:00,OST0035,70.519428676,56.3556164829,1501397103,1501398000,1501397104,84633575036,OST009c,156,61.7065607329,67634939560,74056851226,53,248
2017-07-31 00:00:00,OST0035,70.8887477558,56.6369898596,1501483502,1501484400,1501483503,85076811668,OST009c,156,61.9772202569,67972628552,74381682036,53,248
2017-08-01 00:00:00,OST0035,71.0004018377,56.6789261814,1501530302,1501570800,1501530303,85210812812,OST009c,156,62.05286504,68022958240,74472466782,53,248
2017-08-04 00:00:00,OST0035,71.5534686347,57.323374345,1501829701,1501830000,1501829702,85874573440,OST009c,156,62.8316720217,68796389804,75407148477,53,248
2017-08-05 00:00:00,OST0035,71.8425790366,57.6348032408,1501916101,1501916400,1501916102,86221547988,OST009c,156,63.1694562601,69170149792,75812538711,53,248
2017-08-06 00:00:00,OST0081,73.1489444024,59.70638747,1502002201,1502002800,1502002202,87789376504,OST002b,43,63.6163242638,71656352284,76348845335,129,138
2017-08-07 00:00:00,OST0081,74.3952402083,57.8535309433,1502088901,1502089200,1502088902,89285112808,OST009c,156,63.4351755848,69432654860,76131440563,129,248
2017-08-08 00:00:00,OST0081,74.4205593883,57.8355420478,1502175303,1502175600,1502175304,89315499508,OST009c,156,63.4216455104,69411065568,76115202505,129,248
2017-08-09 00:00:00,OST0081,74.5394954539,57.9159016841,1502180403,1502262000,1502180404,89458240092,OST009c,156,63.5311092895,69507508824,76246574967,129,248
2017-08-10 00:00:00,OST0081,72.3203066052,56.3102982944,1502364004,1502348400,1502364005,86794890580,OST00f0,240,61.7165455664,67580551140,74068834479,129,248
2017-08-11 00:00:00,OST0081,71.1056560456,55.2375348809,1502434503,1502434800,1502434504,85337133176,OST00f0,240,60.4462159421,66293078956,72544254096,129,248
2017-08-12 00:00:00,OST0081,71.1528789798,55.4978367458,1502520901,1502521200,1502520902,85393807568,OST009c,156,60.6689147855,66605479068,72811525111,129,248
2017-08-13 00:00:00,OST0050,72.4206628903,55.7037211822,1502607301,1502607600,1502607302,86915332724,OST009c,156,60.9347785552,66852570348,73130600318,80,248
2017-08-14 00:00:00,OST0050,74.4403732959,55.8102684767,1502693701,1502694000,1502693702,89339279080,OST00f0,240,61.051657981,66980442604,73270872635,80,248
2017-08-15 00:00:00,OST0050,74.6089550253,55.9222718995,1502780101,1502780400,1502780102,89541601684,OST00f0,240,61.1948664219,67114863008,73442743601,80,248
2017-08-16 00:00:00,OST0050,74.8457027328,56.2603135684,1502866501,1502866800,1502866502,89825733380,OST00f0,240,61.5000319804,67520562196,73808986673,80,248
2017-08-17 00:00:00,OST0050,74.3331393414,55.691536043,1502952901,1502953200,1502952902,89210582732,OST009c,156,61.0927720951,66837946408,73320215554,80,248
2017-08-18 00:00:00,OST0050,73.4022201225,54.5591607875,1503039301,1503039600,1503039302,88093344220,OST009c,156,60.1306309611,65478931340,72165506201,80,248
2017-08-19 00:00:00,OST0050,73.0130676508,54.6035104301,1503125701,1503126000,1503125702,87626304632,OST00f0,240,59.9279914762,65532157364,71922309335,80,248
2017-08-20 00:00:00,OST0050,73.1695254569,54.7259992083,1503212101,1503212400,1503212102,87814076764,OST009c,156,60.1439772003,65679161720,72181523630,80,248
2017-08-21 00:00:00,OST0050,73.2839366945,54.8819752361,1503298501,1503298800,1503298502,87951386896,OST009c,156,60.3006828355,65866355648,72369593193,80,248
2017-08-22 00:00:00,OST0050,72.8727033568,54.7001124737,1503384901,1503385200,1503384902,87457847056,OST00f0,240,60.1005658365,65648093872,72129423677,80,248
2017-08-23 00:00:00,OST0050,73.1505156652,54.8400541257,1503471301,1503471600,1503471302,87791262248,OST00f0,240,60.4140927079,65816044216,72505701541,80,248
2017-08-24 00:00:00,OST0050,73.4183573159,55.1139326278,1503557701,1503558000,1503557702,88112711200,OST00f0,240,60.6574855097,66144738268,72797808317,80,248
2017-08-25 00:00:00,OST0050,73.7474343985,55.2430438296,1503644101,1503644400,1503644102,88507651580,OST00f0,240,60.8976507812,66299690496,73086041587,80,248
2017-08-26 00:00:00,OST0050,74.135147758,55.552018243,1503730501,1503730800,1503730502,88972964024,OST00f0,240,61.2967400547,66670504748,73565006783,80,248
2017-08-27 00:00:00,OST0050,74.377865545,55.7541585433,1503816901,1503817200,1503816902,89264260684,OST00f0,240,61.5748326258,66913102520,73898758331,80,248
2017-08-28 00:00:00,OST0050,74.5091158541,55.8888082003,1503903301,1503903600,1503903302,89421780152,OST00f0,240,61.8037899413,67074701700,74173540423,80,248
2017-08-29 00:00:00,OST0050,73.2265874848,54.6296503273,1503989701,1503990000,1503989702,87882559500,OST009c,156,60.4956524704,65563529044,72603585123,80,248
2017-08-30 00:00:00,OST0050,73.5589992597,54.8021511948,1504076101,1504076400,1504076102,88281501996,OST009c,156,60.804552596,65770555184,72974310219,80,248
2017-08-31 00:00:00,OST0050,73.872594676,55.1032513296,1504162502,1504162800,1504162503,88657862124,OST009c,156,60.8305348557,66131919156,73005492711,80,248
2017-09-01 00:00:00,OST0050,73.9468610045,55.2117728179,1504248901,1504249200,1504248902,88746992524,OST009c,156,61.0042830436,66262160732,73214015817,80,248
2017-09-02 00:00:00,OST0050,74.4659244811,55.9822012964,1504335301,1504335600,1504335302,89369944220,OST009c,156,61.7525047821,67186787004,74111990770,80,248
2017-09-03 00:00:00,OST0050,74.7513162106,56.2816195017,1504421702,1504422000,1504421703,89712455820,OST009c,156,62.1844095126,67546132416,74630339289,80,248
2017-09-04 00:00:00,OST0050,74.913461827,56.6886794655,1504508101,1504508400,1504508102,89907054152,OST009c,156,62.5046137385,68034663600,75014630950,80,248
2017-09-05 00:00:00,OST0050,74.9794469162,56.8877345,1504594501,1504594800,1504594502,89986245860,OST009c,156,62.6267317008,68273558604,75161190273,80,248
2017-09-06 00:00:00,OST0050,75.1993126041,57.2356816912,1504680901,1504681200,1504680902,90250116676,OST009c,156,62.9633916914,68691145860,75565231246,80,248
2017-09-07 00:00:00,OST0050,68.3243683816,50.207334149,1504767302,1504767600,1504767303,81999183300,OST00ba,186,55.4003166119,60256106180,66488440718,80,248
2017-09-08 00:00:00,OST0050,68.5506467152,50.5200981228,1504853702,1504854000,1504853703,82270750224,OST00ba,186,55.6707112647,60631468456,66812953644,80,248
2017-09-09 00:00:00,OST0050,68.7064396386,50.8147977603,1504940101,1504940400,1504940102,82457724400,OST00ba,186,55.8905948004,60985150900,67076845880,80,248
2017-09-10 00:00:00,OST0050,69.0048984503,51.2883197788,1505026501,1505026800,1505026502,82815918400,OST00ba,186,56.3343171196,61553446220,67609377225,80,248
2017-09-11 00:00:00,OST0050,69.2817112732,51.5538149841,1505112901,1505113200,1505112902,83148134064,OST00ba,186,56.6640381466,61872079096,68005090432,80,248
2017-09-12 00:00:00,OST0050,69.2253953782,51.3643562927,1505199302,1505199600,1505199303,83080546796,OST00ba,186,56.5769133122,61644701100,67900527954,80,248
2017-09-13 00:00:00,OST0050,69.3693039426,51.6907157148,1505285701,1505286000,1505285702,83253258012,OST00ba,186,56.7762402745,62036379892,68139749311,80,248
2017-09-14 00:00:00,OST0050,70.0252148364,52.3511499401,1505372101,1505372400,1505372102,84040446520,OST00ba,186,57.420714395,62828997056,68913212027,80,248
2017-09-15 00:00:00,OST0050,70.8015180491,52.9547952077,1505458501,1505458800,1505458502,84972123328,OST00ba,186,58.1205885524,63553459208,69753162848,80,248
2017-09-16 00:00:00,OST0050,71.6446310979,53.8379951093,1505544901,1505545200,1505544902,85983981660,OST00ba,186,58.6527939813,64613427596,70391886799,80,248
2017-09-17 00:00:00,OST0050,72.3931206898,54.7043811928,1505631301,1505631600,1505631302,86882278076,OST00ba,186,59.4988706782,65653216956,71407301940,80,248
2017-09-18 00:00:00,OST0050,72.9936036109,55.4810368962,1505717702,1505718000,1505717703,87602944952,OST00ba,186,60.2641736598,66585316804,72325776870,80,248
2017-09-19 00:00:00,OST0050,73.6807848131,56.4448505765,1505804102,1505804400,1505804103,88427662380,OST00ba,186,61.2289344762,67742033456,73483630223,80,248
2017-09-20 00:00:00,OST0050,74.2903559789,57.0421464374,1505890501,1505890800,1505890502,89159236472,OST00ba,186,61.9061057504,68458875396,74296334281,80,248
2017-09-21 00:00:00,OST0050,74.6869412494,57.3670322982,1505976901,1505977200,1505976902,89635196500,OST00ba,186,62.2392296406,68848785700,74696131419,80,248
2017-09-22 00:00:00,OST0050,76.5624820657,60.0845982018,1506063301,1506063600,1506063302,91886118372,OST00ba,186,64.7480859404,72110260192,77707124019,80,248
2017-09-23 00:00:00,OST0050,77.3614943683,60.8585090046,1506149702,1506150000,1506149703,92845049392,OST00ba,186,65.5585733117,73039065760,78679826791,80,248
2017-09-24 00:00:00,OST0050,78.052432455,61.6815592727,1506236101,1506236400,1506236102,93674275628,OST00ba,186,66.3456096439,74026845836,79624384904,80,248
2017-09-25 00:00:00,OST0050,78.4119311789,62.1282319867,1506322501,1506322800,1506322502,94105726404,OST00ba,186,66.7914472117,74562918084,80159454855,80,248
2017-09-26 00:00:00,OST0050,56.4313246566,42.6140738161,1506408901,1506409200,1506408902,67725800384,OST00d7,215,46.1587282405,51143088956,55397190015,80,248
2017-09-27 00:00:00,OST0050,56.9980198011,43.0050121812,1506495302,1506495600,1506495303,68405917012,OST00d7,215,46.546529257,51612271876,55862607660,80,248
2017-09-28 00:00:00,OST0050,57.2676217484,43.5006943728,1506581702,1506582000,1506581703,68729478576,OST00d7,215,47.0187823927,52207162628,56429380136,80,248
2017-09-29 00:00:00,OST002d,58.1956517209,44.1645338886,1506668101,1506668400,1506668102,69843249572,OST00d7,215,47.6469558254,53003866636,57183279655,45,248
2017-09-30 00:00:00,OST002d,58.5117821766,44.5658228654,1506754501,1506754800,1506754502,70222652116,OST00d7,215,48.0578876197,53485471796,57676457599,45,248
2017-10-01 00:00:00,OST002d,58.9880296047,45.1151180764,1506840901,1506841200,1506840902,70794218324,OST00d7,215,48.5918375713,54144705972,58317275231,45,248
2017-10-02 00:00:00,OST002d,59.3463644497,45.5861858491,1506927301,1506927600,1506927302,71224272276,OST00d7,215,49.012019474,54710055840,58821554651,45,248
2017-10-03 00:00:00,OST0050,57.7051885965,43.7815335942,1507013701,1507014000,1507013702,69254622460,OST00d7,215,47.227785745,52544210556,56680214569,80,248
2017-10-04 00:00:00,OST0050,58.2726073867,44.3942208222,1507100101,1507100400,1507100102,69935607568,OST00d7,215,47.7974926844,53279524376,57363945789,80,248
2017-10-05 00:00:00,OST0050,58.0840841719,44.1241228018,1507186501,1507186800,1507186502,69709352280,OST00a1,161,47.4045357582,52955367452,56892340302,80,248
2017-10-06 00:00:00,OST0050,58.379232565,44.6010177347,1507272902,1507273200,1507272903,70063573296,OST00a1,161,47.8310765049,53527710760,57404251260,80,248
2017-10-07 00:00:00,OST0050,58.3841735092,44.6293752563,1507277102,1507359600,1507277103,70069503148,OST00a1,161,47.8497013749,53561743912,57426603814,80,248
2017-10-09 00:00:00,OST0050,58.5539897922,44.8829746839,1507590301,1507532400,1507590302,70273307396,OST00a1,161,48.048548083,53866100124,57665248796,80,248
2017-10-10 00:00:00,OST00b7,58.8641066404,45.0905619705,1507618501,1507618800,1507618502,70645492736,OST00a1,161,48.2503295802,54115235072,57907415952,183,248
2017-10-11 00:00:00,OST0050,58.3075970875,43.4332432246,1507704901,1507705200,1507704902,69977600300,OST009e,158,47.8395905242,52126211436,57414469322,80,248
2017-10-12 00:00:00,OST0050,58.9029785471,44.0961148544,1507791302,1507791600,1507791303,70692144680,OST009e,158,48.5166844579,52921753840,58227080560,80,248
2017-10-13 00:00:00,OST0050,59.4616922295,44.7330977499,1507877701,1507878000,1507877702,71362682392,OST009e,158,49.1984012435,53686225996,59045239893,80,248
2017-10-14 00:00:00,OST0050,59.9647967811,45.2796774035,1507964101,1507964400,1507964102,71966481056,OST009e,158,49.7846317685,54342201108,59748801820,80,248
2017-10-15 00:00:00,OST0050,60.2346238077,45.6282990629,1508050501,1508050800,1508050502,72290312748,OST009e,158,50.1326018986,54760597824,60166416606,80,248
2017-10-16 00:00:00,OST0050,60.5481277119,46.0368748995,1508136902,1508137200,1508136903,72666563048,OST009e,158,50.5314307387,55250948276,60645069244,80,248
2017-10-17 00:00:00,OST0050,54.2872739673,40.1822157536,1508223301,1508223600,1508223302,65152627596,OST009e,158,44.1079411196,48224505444,52935947079,80,248
2017-10-18 00:00:00,OST0050,52.7038541245,38.4068977719,1508309702,1508310000,1508309703,63252293396,OST009e,158,41.58964072,46093865556,49913620185,80,248
2017-10-19 00:00:00,OST0050,53.0489740652,38.8598293003,1508396101,1508396400,1508396102,63666487540,OST009e,158,42.021928504,46637449292,50432428424,80,248
2017-10-20 00:00:00,OST0050,53.3350224883,39.1918792724,1508482501,1508482800,1508482502,64009787268,OST009e,158,42.3498814537,47035957572,50826019681,80,248
2017-10-21 00:00:00,OST0050,53.8300142569,39.6991045944,1508568901,1508569200,1508568902,64603849412,OST009e,158,42.9711469033,47644701760,51571628615,80,248
2017-10-22 00:00:00,OST0050,54.540764688,40.4309110925,1508655301,1508655600,1508655302,65456853344,OST009e,158,43.7574727841,48522976036,52515334083,80,248
2017-10-23 00:00:00,OST0050,52.45894411,37.794825326,1508741701,1508742000,1508741702,62958365744,OST00c5,197,41.1504337449,45359289564,49386507910,80,248
2017-10-24 00:00:00,OST0050,53.108505317,38.5571471607,1508828101,1508828400,1508828102,63737933704,OST00e5,229,41.9462736897,46274186684,50341631639,80,248
2017-10-25 00:00:00,OST0050,54.3778181754,39.9502371511,1508914501,1508914800,1508914502,65261293820,OST00e5,229,43.4629534064,47946097368,52161867977,80,248
2017-10-26 00:00:00,OST0050,55.2265214663,40.6293980358,1509000902,1509001200,1509000903,66279861256,OST00e5,229,44.2807726279,48761189248,53143370036,80,248
2017-10-27 00:00:00,OST0050,58.3640975468,43.7963246875,1509087301,1509087600,1509087302,70045409072,OST00e5,229,47.2979890345,52561962020,56764468731,80,248
2017-10-28 00:00:00,OST0050,59.2224727216,44.5396006615,1509173702,1509174000,1509173703,71075584176,OST00e5,229,47.9789649566,53454001336,57581738920,80,248
2017-10-29 00:00:00,OST0050,59.6454474657,45.0673320671,1509260101,1509260400,1509260102,71583215412,OST00e5,229,48.4630457141,54087355808,58162706263,80,248
2017-10-30 00:00:00,OST0050,61.0676392275,46.4862431167,1509346502,1509346800,1509346503,73290052456,OST00ce,206,49.8433229239,55790255520,59819239746,80,248
2017-10-31 00:00:00,OST0050,60.5177729491,46.2242032192,1509432901,1509433200,1509432902,72630132916,OST00bc,188,49.4676994142,55475769516,59368436881,80,248
2017-11-01 00:00:00,OST0050,60.8970771915,46.7284881943,1509519301,1509519600,1509519302,73085353196,OST00f7,247,50.1063864181,56080984860,60134954215,80,248
2017-11-02 00:00:00,OST0050,58.3572623422,44.3340622265,1509605702,1509606000,1509605703,70037205832,OST00f7,247,47.783673595,53207325308,57347360871,80,248
2017-11-03 00:00:00,OST0050,59.1572586322,45.1563080221,1509692101,1509692400,1509692102,70997317780,OST00a8,168,48.5398938579,54194139900,58254935217,80,248
2017-11-04 00:00:00,OST0050,59.5156546465,45.7868754387,1509778501,1509778800,1509778502,71427445144,OST00a8,168,49.0921380271,54950912548,58917708572,80,248
2017-11-05 00:00:00,OST0050,60.5639354385,46.9601092168,1509864901,1509865200,1509864902,72685534620,OST00a8,168,50.2984323641,56358963788,60365437293,80,248
2017-11-06 00:00:00,OST0050,61.3403875666,47.906632167,1509954901,1509955200,1509954902,73617390148,OST00c5,197,51.3096713924,57494929048,61579071263,80,248
2017-11-07 00:00:00,OST0050,60.8456470808,47.5250506373,1510041301,1510041600,1510041302,73023629580,OST00d6,214,51.1793314421,57036975692,61422644358,80,248
2017-11-08 00:00:00,OST0050,61.1625469532,47.9859722737,1510127701,1510128000,1510127702,73403955536,OST00a8,168,51.5567086124,57590148720,61875551871,80,248
2017-11-09 00:00:00,OST0050,62.0073682381,48.9126008361,1510214101,1510214400,1510214102,74417864000,OST00c5,197,52.4601590127,58702237820,62959823804,80,248
2017-11-10 00:00:00,OST0050,61.3658024217,46.5459253868,1510300501,1510300800,1510300502,73647891672,OST00c5,197,50.2956009041,55861882928,60362039129,80,248
2017-11-11 00:00:00,OST0050,60.9368000518,46.572076346,1510386902,1510387200,1510386903,73133026408,OST00f7,247,50.2790149018,55893267884,60342133513,80,248
2017-11-12 00:00:00,OST0050,62.6928472134,48.173308679,1510473301,1510473600,1510473302,75240538508,OST0085,133,51.9674119077,57814979664,62368455583,80,248
2017-11-13 00:00:00,OST0050,63.2464924503,48.7524745882,1510559701,1510560000,1510559702,75904993348,OST00c5,197,52.565645869,58510063024,63086423380,80,248
2017-11-14 00:00:00,OST0050,64.623327085,49.8842891683,1510646101,1510646400,1510646102,77557395240,OST00c5,197,54.0440430908,59868405200,64860715154,80,248
2017-11-15 00:00:00,OST0050,66.0515569113,51.4549257044,1510732501,1510732800,1510732502,79271478840,OST0085,133,55.7445582182,61753397572,66901580733,80,248
2017-11-16 00:00:00,OST0050,66.5488037698,51.7319160392,1510818901,1510819200,1510818902,79868247420,OST00de,222,56.2888570034,62085826276,67554818471,80,248
2017-11-17 00:00:00,OST0050,67.3542139101,52.9129990056,1510905302,1510905600,1510905303,80834856776,OST00de,222,57.4812647016,63503297684,68985881205,80,248
2017-11-18 00:00:00,OST0050,68.5621460143,54.1384572181,1510991701,1510992000,1510991702,82284551056,OST00de,222,58.8450613805,64974025844,70622635653,80,248
2017-11-19 00:00:00,OST0050,70.9086945973,56.1423074301,1511078102,1511078400,1511078103,85100750780,OST00de,222,61.2475709332,67378937660,73505996683,80,248
2017-11-20 00:00:00,OST0050,71.3574554581,56.6556891989,1511164501,1511164800,1511164502,85639329108,OST00de,222,61.7495460725,67995070480,74108439888,80,248
2017-11-21 00:00:00,OST0050,71.471415867,57.0250151713,1511250902,1511251200,1511250903,85776098180,OST00de,222,62.0424080712,68438315384,74459916898,80,248
2017-11-22 00:00:00,OST0050,71.9863903394,57.2736165915,1511337301,1511337600,1511337302,86394142476,OST00de,222,62.5288275242,68736673260,75043691016,80,248
2017-11-23 00:00:00,OST0050,72.2403967243,57.3104661168,1511423702,1511424000,1511423703,86698987096,OST00de,222,62.6847623895,68780898052,75230835543,80,248
2017-11-24 00:00:00,OST0050,72.6580362119,57.7724351762,1511510102,1511510400,1511510103,87200215248,OST00de,222,62.9089071902,69335328140,75499841917,80,248
2017-11-25 00:00:00,OST0050,72.4311056141,58.1190084973,1511596501,1511596800,1511596502,86927865512,OST00c3,195,63.2058272918,69751266552,75856189241,80,248
2017-11-26 00:00:00,OST0050,72.7147762155,58.5489083084,1511682902,1511683200,1511682903,87268311508,OST00c3,195,63.5733437144,70267208876,76297262422,80,248
2017-11-27 00:00:00,OST0050,73.8771767238,59.6633043605,1511769302,1511769600,1511769303,88663361248,OST00de,222,64.6314638775,71604646284,77567160575,80,248
2017-11-28 00:00:00,OST00c7,70.9782048291,57.4720451486,1511855701,1511856000,1511855702,85184173172,OST00c5,197,61.9093122675,68974816400,74300182568,199,248
2017-11-29 00:00:00,OST00c7,69.5405177462,55.6672661691,1511942101,1511942400,1511942102,83458739488,OST00c5,197,60.7107667501,66808819028,72861753558,199,248
2017-11-30 00:00:00,OST00b3,64.1779345057,49.5691751461,1512028502,1512028800,1512028503,77022859340,OST00c5,197,54.9737601563,59490222524,65976510907,179,248
2017-12-01 00:00:00,OST00b3,64.797401665,50.5622903136,1512114901,1512115200,1512114902,77766310064,OST00de,222,55.7228598108,60682105224,66875539487,179,248
2017-12-02 00:00:00,OST00b3,65.0224633661,51.4274499759,1512201301,1512201600,1512201302,78036416852,OST0085,133,56.5093293801,61720422700,67819417402,179,248
2017-12-03 00:00:00,OST00c7,64.3464035688,51.144498144,1512287702,1512288000,1512287703,77225046728,OST0085,133,56.2217422869,61380839332,67474271046,199,248
2017-12-04 00:00:00,OST00c7,64.9568132463,51.78779899,1512374102,1512374400,1512374103,77957627156,OST0085,133,56.8729636468,62152893948,68255831431,199,248
2017-12-05 00:00:00,OST00c7,65.1001263328,51.7204138972,1512460501,1512460800,1512460502,78129623712,OST0085,133,56.8359260434,62072022032,68211380918,199,248
2017-12-06 00:00:00,OST00c7,65.5581491773,52.4755644181,1512546902,1512547200,1512546903,78679317768,OST0085,133,57.2553737835,62978312532,68714779236,199,248
2017-12-07 00:00:00,OST00c7,66.0231496457,52.9446443152,1512633301,1512633600,1512633302,79237385988,OST0085,133,57.7848307299,63541276660,69350204608,199,248
2017-12-08 00:00:00,OST003d,65.7084228032,52.708809567,1512719702,1512720000,1512719703,78859667984,OST00c5,197,57.8339055787,63258240648,69409101567,61,248
2017-12-09 00:00:00,OST003d,65.9102962259,52.8064680925,1512806101,1512806400,1512806102,79101945464,OST00c5,197,57.8644916901,63375445088,69445809351,61,248
2017-12-10 00:00:00,OST003d,66.4621403045,53.1291980813,1512892502,1512892800,1512892503,79764238652,OST00c5,197,58.3255165431,63762768032,69999106254,61,248
2017-12-11 00:00:00,OST003d,67.0046073301,53.2990449006,1512978902,1512979200,1512978903,80415278012,OST00c5,197,58.4484407468,63966608928,70146633184,61,248
2017-12-12 00:00:00,OST003d,67.8165937296,53.8588821067,1513065302,1513065600,1513065303,81389779836,OST00c5,197,59.3085613225,64638495032,71178903023,61,248
2017-12-13 00:00:00,OST003d,67.9489270108,54.0543299385,1513151701,1513152000,1513151702,81548599028,OST00c5,197,59.5422971377,64873060868,71459420010,61,248
2017-12-14 00:00:00,OST003d,68.3688033439,54.318511873,1513238101,1513238400,1513238102,82052511720,OST00c5,197,59.8593777265,65190117628,71839962852,61,248
2017-12-15 00:00:00,OST003d,68.0685526961,53.8845107825,1513324501,1513324800,1513324502,81692167256,OST00de,222,59.5717334877,64669253172,71494747913,61,248
2017-12-16 00:00:00,OST003d,67.8213078413,53.2737270704,1513410901,1513411200,1513410902,81395437456,OST00c5,197,59.1275576168,63936223848,70961672240,61,248
2017-12-17 00:00:00,OST003d,68.2918479481,53.6844484969,1513497301,1513497600,1513497302,81960154048,OST00c5,197,59.5756218696,64429149320,71499414537,61,248
2017-12-18 00:00:00,OST003d,69.1089963584,54.5552005877,1513583701,1513584000,1513583702,82940851036,OST00c5,197,60.3541058646,65474178524,72433708601,61,248
2017-12-19 00:00:00,OST003d,69.8806541777,55.8461226393,1513670101,1513670400,1513670102,83866952696,OST00c5,197,61.494069011,67023472816,73801830242,61,248
2017-12-20 00:00:00,OST003d,68.3256485297,55.2037628291,1513756501,1513756800,1513756502,82000719664,OST00c5,197,60.7128361292,66252547580,72864237114,61,248
2017-12-21 00:00:00,OST003d,68.6412324783,56.0373294754,1513842901,1513843200,1513842902,82379466320,OST00c5,197,61.2263794376,67252948840,73480563805,61,248
2017-12-22 00:00:00,OST003d,68.9188364454,56.2564757371,1513929301,1513929600,1513929302,82712631472,OST00c5,197,61.4599634963,67515956240,73760898662,61,248
2017-12-23 00:00:00,OST003d,69.1691992487,56.6551071595,1514015702,1514016000,1514015703,83013103264,OST00c5,197,61.700657287,67994371948,74049766232,61,248
2017-12-24 00:00:00,OST003d,69.5118786253,56.4657388138,1514102101,1514102400,1514102102,83424368376,OST00c5,197,61.9728742039,67767102380,74376466140,61,248
2017-12-25 00:00:00,OST003d,70.1508847221,56.9522967251,1514188502,1514188800,1514188503,84191268668,OST00c5,197,62.5023806518,68351042668,75011950921,61,248
2017-12-26 00:00:00,OST003d,70.718069724,57.5503187912,1514274901,1514275200,1514274902,84871973196,OST00c5,197,63.0781122673,69068756160,75702912629,61,248
2017-12-27 00:00:00,OST003d,70.8919039398,57.7592946895,1514361302,1514361600,1514361303,85080599548,OST00c5,197,63.2623685436,69319557644,75924046970,61,248
2017-12-28 00:00:00,OST003d,71.2171628953,58.2283247293,1514447702,1514448000,1514447703,85470957620,OST00c5,197,63.6499948662,69882461936,76389254957,61,248
2017-12-29 00:00:00,OST003d,71.7529641891,58.7856376848,1514534102,1514534400,1514534103,86113997132,OST00c5,197,64.1849366034,70551318572,77031262876,61,248
2017-12-30 00:00:00,OST003d,71.7263896346,59.0776640931,1514620502,1514620800,1514620503,86082103800,OST00c5,197,64.2301834497,70901792752,77085565675,61,248
2017-12-31 00:00:00,OST003d,72.2209034145,59.5023826224,1514706901,1514707200,1514706902,86675592288,OST00ab,171,64.6617994443,71411516784,77603567669,61,248
2018-01-01 00:00:00,OST003d,72.3374617884,59.6194894265,1514793302,1514793600,1514793303,86815479296,OST00ab,171,64.8083044364,71552061988,77779394976,61,248
2018-01-02 00:00:00,OST003d,72.9303161312,59.8406033129,1514879701,1514880000,1514879702,87526990768,OST00ab,171,65.2385432522,71817430824,78295744155,61,248
2018-01-03 00:00:00,OST003d,73.3109949137,60.227553275,1514966102,1514966400,1514966103,87983860696,OST00ab,171,65.6700601722,72281827080,78813627245,61,248
2018-01-04 00:00:00,OST0024,80.4686664253,60.0431609394,1515052502,1515052800,1515052503,96574107956,OST00c5,197,65.7152498096,72060529448,78867861385,36,248
2018-01-05 00:00:00,OST0029,78.1263866813,60.7676397626,1515138902,1515139200,1515138903,93763031460,OST00c5,197,66.4549588244,72930009448,79755619831,41,248
2018-01-06 00:00:00,OST003d,74.8706476682,61.3563747381,1515225302,1515225600,1515225303,89855670932,OST00c5,197,67.0050271342,73636577080,80415781838,61,248
2018-01-07 00:00:00,OST003d,75.2011312069,61.7793617374,1515311701,1515312000,1515311702,90252299264,OST00c5,197,67.3453155723,74144223024,80824177476,61,248
2018-01-08 00:00:00,OST003d,75.7521457861,62.2652439172,1515398101,1515398400,1515398102,90913596932,OST00c5,197,67.8927931012,74727352336,81481230169,61,248
2018-01-10 00:00:00,OST00b3,66.8117877095,54.4261250715,1515570901,1515571200,1515570902,80183866412,OST00c5,197,58.9136905508,65319269124,70705000643,179,248
2018-01-11 00:00:00,OST00e5,68.7823067897,54.8264344671,1515657302,1515657600,1515657303,82548776020,OST00a3,163,59.2462994043,65799698644,71104179662,229,248
2018-01-12 00:00:00,OST00e5,71.2061518404,54.7956017756,1515743701,1515744000,1515743702,85457742752,OST00c5,197,59.4480531165,65762694928,71346313472,229,248
2018-01-13 00:00:00,OST00ce,73.3493864187,54.9996674858,1515830101,1515830400,1515830102,88029936088,OST00c5,197,59.6312949584,66007603472,71566230344,206,248
2018-01-14 00:00:00,OST00b3,67.3178261688,55.1807343147,1515916501,1515916800,1515916502,80791186192,OST00c5,197,59.76018847,66224910012,71720921312,179,248
2018-01-15 00:00:00,OST00b3,67.8067853189,55.7077768272,1516002901,1516003200,1516002902,81378008316,OST00c5,197,60.3192792599,66857437712,72391911608,179,248
2018-01-16 00:00:00,OST00b3,67.8115482047,55.9147507848,1516089301,1516089600,1516089302,81383724472,OST00c5,197,60.5392196461,67105836576,72655872073,179,248
2018-01-17 00:00:00,OST00b3,68.0995384757,56.1875204546,1516175701,1516176000,1516175702,81729354700,OST00c5,197,60.7969177809,67433199868,72965147330,179,248
2018-01-18 00:00:00,OST002d,59.9131201569,47.8808077649,1516262102,1516262400,1516262103,71904461588,OST00d1,209,52.1706175056,57463936008,62612331867,45,248
2018-01-19 00:00:00,OST002d,60.0151465061,48.1873383812,1516348501,1516348800,1516348502,72026908052,OST00d1,209,52.3145729209,57831817348,62785099311,45,248
2018-01-20 00:00:00,OST002d,60.3102994487,48.5296979166,1516434901,1516435200,1516434902,72381134528,OST00d1,209,52.6525599356,58242698604,63190732906,45,248
2018-01-21 00:00:00,OST002d,60.5862650844,48.9086656599,1516521301,1516521600,1516521302,72712333444,OST00b5,181,53.0179440401,58697515036,63629246995,45,248
2018-01-22 00:00:00,OST0063,60.9592851155,49.2863697264,1516607701,1516608000,1516607702,73160011756,OST00b5,181,53.3869022387,59150814872,64072050517,99,248
2018-01-23 00:00:00,OST002d,62.035701896,50.0652432076,1516694101,1516694400,1516694102,74451868512,OST00b5,181,54.3039805108,60085576376,65172677879,45,248
2018-01-24 00:00:00,OST002d,62.3742326523,50.4936399175,1516780502,1516780800,1516780503,74858154676,OST00d1,209,54.7198459102,60599714760,65671776867,45,248
2018-01-25 00:00:00,OST002d,62.9962395869,51.0745826179,1516866901,1516867200,1516866902,75604653500,OST00d1,209,55.3269566643,61296930528,66400398107,45,248
2018-01-26 00:00:00,OST002d,63.745989256,51.8806496785,1516953301,1516953600,1516953302,76504462192,OST00b5,181,56.1058945285,62264328284,67335236880,45,248
2018-01-27 00:00:00,OST002d,64.6161784717,52.6717774871,1517039701,1517040000,1517039702,77548815864,OST00cf,207,56.6510120444,63213796764,67989457214,45,248
2018-01-28 00:00:00,OST002d,64.3872275322,52.6954828962,1517126101,1517126400,1517126102,77274041424,OST00c5,197,56.776336717,63242246704,68139865056,45,248
2018-01-29 00:00:00,OST002d,65.6067113091,53.6082315582,1517212502,1517212800,1517212503,78737599392,OST00c5,197,57.8889849778,64337677904,69475204860,45,248
2018-01-30 00:00:00,OST002d,65.9083335005,53.7784117638,1517298902,1517299200,1517298903,79099589908,OST00b5,181,57.9416314135,64541918912,69538388243,45,248
2018-01-31 00:00:00,OST002d,66.2325494958,53.6924723806,1517385301,1517385600,1517385302,79488696276,OST00c5,197,58.3760174198,64438779148,70059714654,45,248
2018-02-01 00:00:00,OST002d,67.5004208557,54.7874063659,1517471702,1517472000,1517471703,81010326384,OST00c5,197,59.3389095803,65752859244,71215325348,45,248
2018-02-02 00:00:00,OST002d,67.1364028431,54.4165063278,1517558102,1517558400,1517558103,80573451804,OST00c5,197,59.0590949979,65307725232,70879507136,45,248
2018-02-03 00:00:00,OST002d,67.6395182501,54.869513637,1517644502,1517644800,1517644503,81177263496,OST00c5,197,59.5470475851,65851399916,71465121238,45,248
2018-02-04 00:00:00,OST002d,68.0678014972,55.546335872,1517730902,1517731200,1517730903,81691265708,OST00c5,197,59.9634164626,66663685076,71964824473,45,248
2018-02-05 00:00:00,OST002d,68.0711008704,55.5304418858,1517817302,1517817600,1517817303,81695225436,OST00d7,215,59.9660034689,66644609980,71967929257,45,248
2018-02-06 00:00:00,OST002d,68.0367815817,55.5617326918,1517903701,1517904000,1517903702,81654037296,OST00d7,215,59.9456396856,66682163500,71943489754,45,248
2018-02-08 00:00:00,OST002d,68.0778289613,55.5860199069,1518076502,1518076800,1518076503,81703300124,OST00d7,215,59.9750617256,66711311692,71978800483,45,248
2018-02-09 00:00:00,OST002d,68.3147452651,55.9014893994,1518162901,1518163200,1518162902,81987634160,OST00c5,197,60.2838840749,67089920984,72349432236,45,248
2018-02-10 00:00:00,OST002d,68.7111793739,56.215377507,1518249302,1518249600,1518249303,82463412772,OST00c5,197,60.6476611009,67466632384,72786017597,45,248
2018-02-11 00:00:00,OST002d,68.9567409094,56.3264460998,1518335701,1518336000,1518335702,82758122344,OST00c5,197,60.806673763,67599930856,72976855928,45,248
2018-02-12 00:00:00,OST002d,68.8966392701,56.3547891632,1518422102,1518422400,1518422103,82685991632,OST00c5,197,60.7648682178,67633946656,72926683191,45,248
2018-02-13 00:00:00,OST002d,68.8103521791,56.5396413998,1518508501,1518508800,1518508502,82582434568,OST00c5,197,61.0176446993,67855796236,73230051748,45,248
2018-02-14 00:00:00,OST002d,69.2592150209,57.1568282855,1518594902,1518595200,1518594903,83121135288,OST00c5,197,61.4495671335,68596510300,73748421514,45,248
2018-02-15 00:00:00,OST002d,71.1807471307,59.155058079,1518681302,1518681600,1518681303,85427253404,OST00c5,197,63.2689393469,70994676796,75931932890,45,248
2018-02-16 00:00:00,OST002d,72.9193542903,60.6335480446,1518767701,1518768000,1518767702,87513834964,OST00c5,197,64.9689586586,72769079876,77972203418,45,248
2018-02-17 00:00:00,OST002d,70.9323695833,58.4693090598,1518854101,1518854400,1518854102,85129164208,OST00c5,197,62.8445997958,70171678196,75422663687,45,248
2018-02-18 00:00:00,OST002d,75.2596316204,63.073918215,1518940501,1518940800,1518940502,90322508272,OST00c5,197,67.4368897322,75697879156,80934079792,45,248
2018-02-19 00:00:00,OST002d,75.8004389638,63.7466523423,1519026902,1519027200,1519026903,90971555772,OST00c5,197,68.0259634642,76505257992,81641053981,45,248
2018-02-20 00:00:00,OST002d,76.6842664959,64.7746549564,1519113302,1519113600,1519113303,92032277408,OST009b,155,68.9573245712,77739010704,82758822823,45,248
2018-02-21 00:00:00,OST002d,76.7602611882,65.0418909172,1519199701,1519200000,1519199702,92123482096,OST009b,155,69.1980047744,78059732740,83047674086,45,248
2018-02-22 00:00:00,OST0019,73.6135837946,61.4819187925,1519286102,1519286400,1519286103,88347011380,OST00c5,197,65.8177551007,73787248212,78990882649,25,248
2018-02-23 00:00:00,OST004f,74.5969427951,62.0009544291,1519372501,1519372800,1519372502,89527185260,OST0041,65,65.7120124329,74410166496,78863976062,79,248
2018-02-24 00:00:00,OST0019,76.1892723142,62.6855291674,1519458902,1519459200,1519458903,91438212368,OST0041,65,66.4349607817,75231755788,79731619270,25,248
2018-02-25 00:00:00,OST0019,76.9617176548,62.7387156785,1519545303,1519545600,1519545304,92365259168,OST00c5,197,66.5583688317,75295587340,79879726886,25,248
2018-02-26 00:00:00,OST0019,79.1080447547,63.3514662288,1519631702,1519632000,1519631703,94941163980,OST00c5,197,67.2348001532,76030977156,80691542893,25,248
2018-02-27 00:00:00,OST0019,79.6497289519,63.672548844,1519718101,1519718400,1519718102,95591263832,OST0078,120,67.4235714621,76416323012,80918095930,25,248
2018-02-28 00:00:00,OST0019,79.9216460351,63.2687183221,1519804501,1519804800,1519804502,95917603896,OST00c5,197,67.6817190524,75931667628,81227910599,25,248
2018-03-01 00:00:00,OST0019,80.696955805,63.7014648546,1519890902,1519891200,1519890903,96848088428,OST00c5,197,68.254772111,76451026432,81915657649,25,248
2018-03-02 00:00:00,OST0019,81.3941193569,64.8109453362,1519977303,1519977600,1519977304,97684786128,OST00c5,197,69.2161333238,77782564440,83069430983,25,248
2018-03-03 00:00:00,OST0019,81.7824248746,65.2683264818,1520063702,1520064000,1520063703,98150809248,OST00c5,197,69.693356841,78331488364,83642168640,25,248
2018-03-04 00:00:00,OST0019,82.8310076001,66.5806648967,1520150102,1520150400,1520150103,99409261088,OST00c5,197,70.8130596006,79906485408,84985974869,25,248
2018-03-05 00:00:00,OST0019,83.1265814382,67.3492955564,1520236502,1520236800,1520236503,99763992700,OST00c5,197,71.6019208682,80828954036,85932723170,25,248
2018-03-06 00:00:00,OST0019,82.9933431968,67.8848077553,1520322902,1520323200,1520322903,99604087424,OST00c5,197,71.7965876789,81471646592,86166351667,25,248
2018-03-07 00:00:00,OST0019,82.2717194774,66.9310424398,1520409302,1520409600,1520409303,98738033964,OST00c5,197,70.9854133084,80326989440,85192824396,25,248
2018-03-08 00:00:00,OST002d,77.8361028084,67.6992099324,1520495701,1520496000,1520495702,93414648576,OST00c5,197,71.6230697697,81248902200,85958104929,45,248
2018-03-09 00:00:00,OST002d,77.5864833683,67.6632690969,1520582102,1520582400,1520582103,93115068928,OST00c5,197,71.4460388673,81205767968,85745642088,45,248
2018-03-10 00:00:00,OST002d,77.2873549411,67.481391463,1520668502,1520668800,1520668503,92756071292,OST00c5,197,71.1901406643,80987488344,85438527011,45,248
2018-03-11 00:00:00,OST002d,77.771205254,68.2077978425,1520754901,1520755200,1520754902,93336762068,OST00c5,197,71.7996966544,81859281692,86170082890,45,248
2018-03-12 00:00:00,OST002d,77.6868067773,67.9495373234,1520837702,1520838000,1520837703,93235471616,OST00c5,197,71.6840773525,81549331492,86031322905,45,248
2018-03-13 00:00:00,OST002d,77.8678671803,68.2086875813,1520924103,1520924400,1520924104,93452770444,OST00c5,197,71.871396145,81860349508,86256132711,45,248
2018-03-14 00:00:00,OST00b3,67.6025705967,57.9155072953,1521010502,1521010800,1521010503,81132920936,OST002d,45,62.1594621967,69507035500,74600398880,179,248
2018-03-15 00:00:00,OST00b3,68.7802156799,59.2905698981,1521096901,1521097200,1521096902,82546266384,OST002d,45,63.5641415343,71157310696,76286218467,179,248
2018-03-16 00:00:00,OST00b3,69.233751985,59.8348324527,1521183301,1521183600,1521183302,83090575940,OST00c1,193,63.9345489155,71810504952,76730761219,179,248
2018-03-17 00:00:00,OST00b3,69.4688852483,60.1348194791,1521269701,1521270000,1521269702,83372770068,OST00c1,193,64.2320176623,72170533032,77087766997,179,248
2018-03-18 00:00:00,OST00b3,70.3525125747,60.8379526138,1521356101,1521356400,1521356102,84433251428,OST002d,45,64.9657612096,73014395100,77968366014,179,248
2018-03-19 00:00:00,OST00b3,71.7613661437,62.3165461101,1521442502,1521442800,1521442503,86124080700,OST002d,45,66.5742115075,74788922432,79898740402,179,248
2018-03-20 00:00:00,OST00b3,71.735579517,62.5991886429,1521528901,1521529200,1521528902,86093132996,OST002d,45,66.7694982555,75128134596,80133112914,179,248
2018-03-21 00:00:00,OST00b3,72.1345179522,63.0598952586,1521615302,1521615600,1521615303,86571917164,OST002d,45,67.2106525436,75681049568,80662562248,179,248
2018-03-22 00:00:00,OST00b3,72.6462702452,63.4807993404,1521701702,1521702000,1521701703,87186094376,OST002d,45,67.7860104312,76186195708,81353075428,179,248
2018-03-23 00:00:00,OST00b3,73.0433250654,63.8518947582,1521788101,1521788400,1521788102,87662617932,OST002d,45,68.0981784606,76631564204,81727722484,179,248
2018-03-24 00:00:00,OST00b3,73.111671725,64.2008913355,1521874502,1521874800,1521874503,87744643868,OST002d,45,68.0547424464,77050410876,81675592947,179,248
2018-03-25 00:00:00,OST00b3,73.520225671,64.7103157375,1521960901,1521961200,1521960902,88234968048,OST00c1,193,68.6248196542,77661794280,82359768543,179,248
2018-03-26 00:00:00,OST00b3,73.9746921867,64.9070640184,1522047302,1522047600,1522047303,88780393992,OST00c1,193,68.8207317356,77897920844,82594891546,179,248
2018-03-27 00:00:00,OST00b3,74.3798540106,65.2573147203,1522133701,1522134000,1522133702,89266647132,OST00c1,193,69.278462343,78318272648,83144234875,179,248
2018-03-28 00:00:00,OST00b3,74.2536490496,64.992051047,1522220101,1522220400,1522220102,89115182816,OST00c1,193,69.1130905594,77999917644,82945764673,179,248
2018-03-29 00:00:00,OST00b3,74.694531759,65.7492866984,1522306502,1522306800,1522306503,89644306216,OST00c1,193,69.8268186595,78908710604,83802342241,179,248
2018-03-30 00:00:00,OST00b3,75.1743753011,66.3727777264,1522392902,1522393200,1522392903,90220188284,OST00c1,193,70.3493925338,79656990556,84429506925,179,248
2018-03-31 00:00:00,OST00b3,75.6212118052,66.9985160086,1522479302,1522479600,1522479303,90756457104,OST00c1,193,70.891967043,80407967540,85080675281,179,248
2018-04-01 00:00:00,OST00b3,75.9636051532,67.2573985523,1522565701,1522566000,1522565702,91167378940,OST00c1,193,71.206017325,80718664260,85457581314,179,248
2018-04-02 00:00:00,OST00b3,76.3226302878,67.7078941695,1522652102,1522652400,1522652103,91598261340,OST00c1,193,71.6258539038,81259324548,85961446295,179,248
2018-04-03 00:00:00,OST0090,77.9075829614,68.3453382723,1522738501,1522738800,1522738502,93500435160,OST002d,45,72.2398123035,82024350220,86698285706,144,248
2018-04-04 00:00:00,OST00b3,78.4493732057,69.9373254163,1522824902,1522825200,1522824903,94150662284,OST00c1,193,74.0545347665,83934966428,88876216705,179,248
2018-04-05 00:00:00,OST00b3,78.8775934971,70.3063949298,1522911302,1522911600,1522911303,94664588940,OST00c1,193,74.5841054325,84377903544,89511778557,179,248
2018-04-06 00:00:00,OST00b3,78.9520369075,70.5053200467,1522997701,1522998000,1522997702,94753931864,OST00c1,193,74.7112838028,84616642628,89664411106,179,248
2018-04-07 00:00:00,OST00b3,79.8314334035,71.5781701196,1523084101,1523084400,1523084102,95809335612,OST00c1,193,75.8095256912,85904218816,90982461167,179,248
2018-04-08 00:00:00,OST00b3,81.2265034638,73.0783067206,1523170502,1523170800,1523170503,97483622668,OST00c1,193,77.065863832,87704601008,92490249734,179,248
2018-04-09 00:00:00,OST00b3,81.3208444749,73.1553498357,1523256902,1523257200,1523256903,97596845608,OST00c1,193,77.1857140301,87797063956,92634087410,179,248
2018-04-10 00:00:00,OST00b3,81.7623129566,73.6101335729,1523343302,1523343600,1523343303,98126672020,OST00c1,193,77.6101240335,88342870612,93143441166,179,248
2018-04-11 00:00:00,OST0059,82.5617568169,74.5060696335,1523429702,1523430000,1523429703,99086120972,OST00c1,193,78.3914824908,89418124244,94081185003,89,248
2018-04-12 00:00:00,OST0059,83.1427852335,75.1453264066,1523516102,1523516400,1523516103,99783439612,OST00c1,193,79.0040207785,90185325384,94816320073,89,248
2018-04-13 00:00:00,OST0092,84.8324850398,74.519363145,1523602502,1523602800,1523602503,101811325232,OST00eb,235,78.7110521937,89434078392,94464715144,146,248
2018-04-14 00:00:00,OST0066,83.8785064802,73.8719505808,1523688902,1523689200,1523688903,100666412156,OST00eb,235,77.8040916215,88657089116,93376230494,102,248
2018-04-15 00:00:00,OST0066,84.073726323,74.2391176216,1523775302,1523775600,1523775303,100900704372,OST00eb,235,78.0111109111,89097742988,93624683763,102,248
2018-04-16 00:00:00,OST0092,84.2572149416,74.4961269991,1523861701,1523862000,1523861702,101120917412,OST00eb,235,78.2200397867,89406191636,93875428813,146,248
2018-04-17 00:00:00,OST0092,83.6785980559,73.898802685,1523948102,1523948400,1523948103,100426492960,OST00eb,235,77.6848318293,88689315548,93233101391,146,248
2018-04-18 00:00:00,OST0092,83.9974038039,74.3300260122,1524034502,1524034800,1524034503,100809106244,OST00e1,225,78.0869489332,89206846284,93715700424,146,248
2018-04-19 00:00:00,OST0066,81.7883825656,71.7648015738,1524120901,1524121200,1524120902,98157959344,OST002d,45,75.8451496893,86128203716,91025215148,102,248
2018-04-20 00:00:00,OST0066,80.0383428589,69.7780455891,1524207302,1524207600,1524207303,96057657064,OST002d,45,73.8723247163,83743807460,88657538133,102,248
2018-04-21 00:00:00,OST0066,80.1512959966,70.0989579283,1524293702,1524294000,1524293703,96193217264,OST002d,45,74.1641333918,84128948960,89007751002,102,248
2018-04-22 00:00:00,OST0066,80.2118020269,70.1519021954,1524380102,1524380400,1524380103,96265833304,OST002d,45,74.2976880399,84192489784,89168036012,102,248
2018-04-23 00:00:00,OST0066,80.0817644573,70.1268825358,1524466502,1524466800,1524466503,96109769300,OST002d,45,74.2334481457,84162462552,89090938792,102,248
2018-04-24 00:00:00,OST0066,79.1456080568,68.6091992324,1524552902,1524553200,1524552903,94986245408,OST002d,45,73.2357008248,82341021764,87893496834,102,248
2018-04-25 00:00:00,OST0066,78.021031699,67.7337448884,1524639301,1524639600,1524639302,93636590152,OST002d,45,72.1829579438,81290349172,86630052202,102,248
