date,read_bytes,write_bytes
2016-01-13,169014612985555.0,218918689308028.0
2016-01-14,234074578323463.0,303943780963447.0
2016-01-15,166699155188163.0,338924113219614.0
2016-01-16,112965351155497.0,224696489348800.0
2016-01-17,316837835435844.0,587053230620468.0
2016-01-18,141482129471154.0,1.10822289045346e+15
2016-01-19,118612230703909.0,489608711756810.0
2016-01-20,122002259688040.0,110623980212440.0
2016-01-21,130596011027688.0,267396923315731.0
2016-01-22,310894239374155.0,479402655705550.0
2016-01-23,137233681462423.0,315783183459321.0
2016-01-24,333940893315501.0,281651371208372.0
2016-01-25,437188088177718.0,315393143793925.0
2016-01-26,1.56694871897157e+15,316880567457891.0
2016-01-27,469274014546515.0,264725172858805.0
2016-01-28,318268231937045.0,322056966030164.0
2016-01-29,365808138437636.0,350312832748337.0
2016-01-30,223772009160216.0,365616706912012.0
2016-01-31,509150453802070.0,333255074470579.0
2016-02-01,272262813638673.0,232920374569229.0
2016-02-02,467857330797954.0,374992181014636.0
2016-02-03,164313089497682.0,129154528228975.0
2016-02-04,261764659129320.0,163254190953357.0
2016-02-05,116432951491341.0,237906085959729.0
2016-02-06,106025972170015.0,264285958519226.0
2016-02-07,58435088634748.6,106496674035221.0
2016-02-08,161172051297157.0,144258873418532.0
2016-02-09,122161030961172.0,203055180049368.0
2016-02-10,173444634159546.0,294103383455418.0
2016-02-11,131032655417989.0,516746917597228.0
2016-02-12,205084112288671.0,236126130207253.0
2016-02-13,151526077256687.0,139909432151376.0
2016-02-14,50277917309193.5,158098267538436.0
2016-02-15,173234216530660.0,142140543768460.0
2016-02-16,217372910218307.0,288927617024457.0
2016-02-17,168935154856060.0,147285463918047.0
2016-02-18,278092571822556.0,181669514584089.0
2016-02-19,405494567106414.0,241478890140598.0
2016-02-20,246938212218814.0,229409183086402.0
2016-02-21,134924970843395.0,122140135171812.0
2016-02-22,230512772752090.0,175611232759735.0
2016-02-23,158443451227272.0,223742934699478.0
2016-02-24,109973989495857.0,347201043418600.0
2016-02-25,86671396886826.3,397150975831852.0
2016-02-26,105845077497074.0,209712425482283.0
2016-02-27,48924867395208.8,41340172850400.7
2016-02-28,49229762440536.3,297899120224662.0
2016-02-29,158448372515659.0,195938353051012.0
2016-03-01,134341857883061.0,226821837819052.0
2016-03-02,134940488779201.0,255988726483268.0
2016-03-03,155173826359870.0,179896706823920.0
2016-03-04,142538670993352.0,187435107610054.0
2016-03-05,158354856254286.0,117487489254477.0
2016-03-06,840780927664644.0,221954235430069.0
2016-03-07,251858008130533.0,259223995404210.0
2016-03-08,238870402927347.0,357772892842113.0
2016-03-09,341774356871507.0,254650712971833.0
2016-03-10,196429376403158.0,310655348724488.0
2016-03-11,164115673953401.0,316774658894455.0
2016-03-12,160300132195171.0,273880367256844.0
2016-03-13,14460730975662.5,32810741112808.1
2016-03-14,0.0,0.0
2016-03-15,0.0,0.0
2016-03-16,528671714490964.0,328560993775318.0
2016-03-17,571651921736029.0,332502966209383.0
2016-03-18,179152276279820.0,287555679805024.0
2016-03-19,129933105623280.0,169972566450517.0
2016-03-20,177054745115614.0,191397370991896.0
2016-03-21,206095994771109.0,175928773619736.0
2016-03-22,24156117345146.5,65580829146412.7
2016-03-23,53167003216380.8,164001900110459.0
2016-03-25,5557289656389.22,11042036691830.2
2016-03-26,119113247984645.0,216559017233946.0
2016-03-27,81238782953160.0,197299647973458.0
2016-03-28,266070088010843.0,337248561781830.0
2016-03-29,115498612063818.0,204012877468030.0
2016-03-30,421397776750832.0,271944406546589.0
2016-03-31,211122811306489.0,233326107859950.0
2016-04-01,355827736388727.0,319335161821688.0
2016-04-02,1.46480517312122e+15,255606664968046.0
2016-04-03,104188107340082.0,234967499085407.0
2016-04-04,394427903620139.0,258195409558635.0
2016-04-05,349731715708926.0,296409025501436.0
2016-04-06,653750742087958.0,171355645379708.0
2016-04-07,260853175798195.0,281027495501283.0
2016-04-08,345763832131769.0,243430868784424.0
2016-04-09,349666558557886.0,326968189418950.0
2016-04-10,224031779768488.0,161996025103337.0
2016-04-11,174691107416062.0,204222597797473.0
2016-04-12,240102930826869.0,232629952403535.0
2016-04-13,140494263851155.0,223510036115739.0
2016-04-14,223650061359178.0,297735148674946.0
2016-04-15,273868353802995.0,216673938652303.0
2016-04-16,91977663303449.6,111346279293491.0
2016-04-17,124954903149380.0,199986645328797.0
2016-04-18,1.10866492293271e+15,432858153487606.0
2016-04-19,1.6331164700398e+15,249692776926309.0
2016-04-20,625769731114574.0,258133842544107.0
2016-04-21,299337562440590.0,271303135466135.0
2016-04-22,699470378174624.0,306704250724800.0
2016-04-23,649337628875470.0,173613966179434.0
2016-04-24,8773351832162.62,7538086821084.4
2016-04-25,263133693616758.0,206231057117230.0
2016-04-26,897831131890239.0,239308193465943.0
2016-04-27,856254952084287.0,268469527456681.0
2016-04-28,260749352855791.0,195851795849786.0
2016-04-29,492072571283960.0,189625736039441.0
2016-04-30,729996986785344.0,239435262961189.0
2016-05-01,247951165712763.0,201938007372512.0
2016-05-02,197266124129119.0,175181902090091.0
2016-05-03,1.84699620387841e+15,285584319443685.0
2016-05-04,235020945169821.0,66941334516402.2
2016-05-05,234329582133925.0,158762956213097.0
2016-05-06,562801885923004.0,142919505816648.0
2016-05-07,408013022236396.0,135986746933099.0
2016-05-08,113226368853414.0,134959875681126.0
2016-05-09,114488189807809.0,189840673758906.0
2016-05-10,272713718466646.0,227993246085594.0
2016-05-11,228648891806880.0,311434239930245.0
2016-05-12,324669961140978.0,277945567521341.0
2016-05-13,271927784304897.0,197012279271975.0
2016-05-14,426396571105062.0,401797355548061.0
2016-05-15,607403947311381.0,281388351165567.0
2016-05-16,473050845624714.0,157339733647945.0
2016-05-17,380151676085133.0,172713293057296.0
2016-05-18,139145812234366.0,181392036897944.0
2016-05-19,2.24723002223378e+15,383089051383413.0
2016-05-20,189058969659701.0,263563918093837.0
2016-05-21,351744068947235.0,229687523447050.0
2016-05-22,175807446467030.0,210271391686966.0
2016-05-23,310203216134876.0,275654196879787.0
2016-05-24,110528331686673.0,425061574842687.0
2016-05-25,1.42624855906952e+15,252728154431608.0
2016-05-26,303667533401866.0,54754099093341.3
2016-05-27,101141151825069.0,118707377917959.0
2016-05-28,858410596546061.0,217646688409562.0
2016-05-29,101668745662887.0,266876546215903.0
2016-05-30,148929917088227.0,207079733473240.0
2016-05-31,163763721037023.0,182543827457952.0
2016-06-01,192011219505961.0,358686944323944.0
2016-06-02,35760179576342.9,66809898700071.3
2016-06-06,108131157775730.0,193500113511106.0
2016-06-07,207348874339318.0,446801703852611.0
2016-06-08,164334211002531.0,234120778656749.0
2016-06-09,333988991547875.0,270482703565148.0
2016-06-10,432359844646147.0,270591582533060.0
2016-06-11,51645608557376.2,5811465680468.99
2016-06-12,2324012377296.81,1298647790579.22
2016-06-13,1545899038428.01,643327364072.003
2016-07-04,160034411435782.0,502738536699093.0
2016-07-05,12862730240.0,53806232908.0
2016-07-06,173673803585641.0,70616079055827.1
2016-07-07,15576189675196.4,35156479814688.3
2016-07-08,44601636210491.7,50705067227179.3
2016-07-09,137620606876605.0,133374664951809.0
2016-07-10,37034098248689.2,58202847385164.8
2016-07-11,59285824504854.8,48720734771593.5
2016-07-12,82126286802595.8,108911123568647.0
2016-07-13,13210426674465.1,42152121141477.6
2016-07-14,43747744722416.9,79187393620721.8
2016-07-15,280935774558.833,4339253556426.96
2016-07-16,58555910814121.7,111852262373435.0
2016-07-17,51090609970317.5,117860145992425.0
2016-07-18,174427816820273.0,108681834034976.0
2016-07-19,81903433013740.1,79924822110562.2
2016-07-20,63290380990705.2,95203235448752.6
2016-07-21,166922663739158.0,193910464666960.0
2016-07-22,158537784733251.0,145632789318204.0
2016-07-23,39120645375739.6,92926146941231.6
2016-07-24,116006614107045.0,85574497667721.5
2016-07-25,135110157714699.0,173450645875101.0
2016-07-26,146268080046215.0,168739867316665.0
2016-07-27,60996697600838.2,110790289005321.0
2016-07-28,199962995910964.0,189830449908690.0
2016-07-29,256333451137835.0,242370993295430.0
2016-07-30,135615577404431.0,159968567849152.0
2016-07-31,28923876924129.1,107360527120917.0
2016-08-01,100155251985257.0,175795019524766.0
2016-08-02,141740779795660.0,243491100816477.0
2016-08-03,127949965448883.0,344775796624285.0
2016-08-04,248446050526678.0,283684749668888.0
2016-08-05,330458188960006.0,248800882992683.0
2016-08-06,78223308735878.2,152720698271667.0
2016-08-07,105190311692241.0,142141660818792.0
2016-08-08,192504796965642.0,217415944265835.0
2016-08-09,0.0,0.0
2016-08-10,290191210992976.0,375354200416809.0
2016-08-11,367667615664074.0,316099625531726.0
2016-08-12,399352374701820.0,237400327479482.0
2016-08-13,72234982556770.4,120058215785805.0
2016-08-14,97009752382044.7,64586360902989.8
2016-08-15,0.0,0.0
2016-08-17,310917509054093.0,351806251205791.0
2016-08-18,244250090108510.0,308201488884298.0
2016-08-19,145374465363383.0,276396205048861.0
2016-08-20,65914021648958.4,129425118278748.0
2016-08-21,226135413378221.0,158398159370265.0
2016-08-22,423469828183353.0,230403685678573.0
2016-08-23,164009892482960.0,119492769264917.0
2016-08-24,473650737547541.0,318888966948891.0
2016-08-25,518964914067659.0,303346103312432.0
2016-08-26,451913248155824.0,446399324794169.0
2016-08-27,148960401333202.0,310294526731820.0
2016-08-28,55615129610468.4,252589605720187.0
2016-08-29,298681383208162.0,303980170328802.0
2016-08-30,67819137094624.5,127945826849274.0
2016-08-31,416014988777565.0,451737638370473.0
2016-09-01,193340121968674.0,86632946915728.7
2016-09-02,0.0,0.0
2016-09-03,0.0,0.0
2016-09-04,0.0,0.0
2016-09-05,93917078488576.4,538951292367991.0
2016-09-06,260979258867334.0,461593773286226.0
2016-09-07,107986644883010.0,227244601542916.0
2016-09-08,316803939490710.0,255573316055853.0
2016-09-09,213305736388192.0,795590115265845.0
2016-09-10,133302792521107.0,624581586248816.0
2016-09-11,110142622120021.0,346862113777685.0
2016-09-12,343607809846177.0,320853973315708.0
2016-09-13,151625271443162.0,244289143605760.0
2016-09-14,300053282899833.0,334489207078033.0
2016-09-15,277972416283474.0,233995282554606.0
2016-09-16,30231881612962.7,60368466361327.4
2016-09-28,7651993182973.93,8192930790132.44
2016-09-29,461575088755877.0,259055950981936.0
2016-09-30,379185142890074.0,211107651405070.0
2016-10-01,382754445201959.0,237387088621690.0
2016-10-02,240023349172332.0,159525477853792.0
2016-10-03,94832846165788.4,154089536855538.0
2016-10-04,162348357838552.0,209074757411807.0
2016-10-05,329634004498948.0,200359545574801.0
2016-10-06,203677742759187.0,78627801746412.5
2016-10-07,153524098015365.0,112988384942879.0
2016-10-08,87176932835115.0,87722325097067.6
2016-10-09,560335396928116.0,62964241798636.0
2016-10-10,136118298612675.0,152160930989857.0
2016-10-11,110907828777090.0,132157289870713.0
2016-10-12,475153922035001.0,434941862236481.0
2016-10-13,510481097199976.0,477429064496293.0
2016-10-14,88252803415052.8,62654521599241.9
2016-10-15,140991368981901.0,31562373228311.6
2016-10-16,299468342643877.0,69986358729892.7
2016-10-17,309214228646508.0,186167061573733.0
2016-10-18,264016449085437.0,165607554747561.0
2016-10-19,397294726110657.0,111575529365969.0
2016-10-20,333840675994485.0,153894293982662.0
2016-10-21,164885437005079.0,175607040314453.0
2016-10-22,104515916707037.0,104621333956117.0
2016-10-23,420135641570069.0,334676475227059.0
2016-10-24,158892631636416.0,108566717190716.0
2016-10-25,220091915714773.0,307829128964096.0
2016-10-26,363246448639275.0,175619079491029.0
2016-10-27,172649091013824.0,31378620751085.7
2016-10-28,383885546203568.0,361434330454978.0
2016-10-29,56150382467480.8,51590498456580.7
2016-10-30,16475378733887.2,14147876715097.4
2016-10-31,204070853892571.0,55513116153379.9
2016-11-01,318173129856792.0,172029993590999.0
2016-11-02,241621023486761.0,167174015952785.0
2016-11-03,317231556808629.0,252269695493252.0
2016-11-04,724507317048040.0,297246447488307.0
2016-11-05,267415078420691.0,109982841081404.0
2016-11-07,722922106484358.0,406592513382943.0
2016-11-08,487502175066388.0,520957516432295.0
2016-11-09,888211738541986.0,416853774532310.0
2016-11-10,401395961670041.0,531660618357185.0
2016-11-11,181896731450551.0,134618430832124.0
2016-11-12,73149088034787.7,174989601749990.0
2016-11-13,130301925217706.0,205269177158282.0
2016-11-14,118840451110376.0,229849057706861.0
2016-11-15,189384918434649.0,272515736908600.0
2016-11-16,190031963619721.0,318744207621133.0
2016-11-17,19346559849702.7,16707089932477.0
2016-11-18,10844742743884.6,20331956849453.2
2016-11-19,81865215002097.5,127116148149376.0
2016-11-20,144153064208908.0,151329830749187.0
2016-11-21,292165451608302.0,272630822225183.0
2016-11-22,491516602226016.0,272190924562185.0
2016-11-23,700789469618417.0,448030663981473.0
2016-11-24,839884119662892.0,394043598999230.0
2016-11-25,866307191694746.0,705281237591563.0
2016-11-26,764569737427535.0,580672017223141.0
2016-11-27,752576775462193.0,542064762866948.0
2016-11-28,915384979298322.0,657571732972104.0
2016-11-29,923595062038221.0,682668281940795.0
2016-11-30,486062037626534.0,632307446361017.0
2016-12-01,331344353000915.0,334597648564651.0
2016-12-02,243028635584302.0,266047625577888.0
2016-12-03,123936465319490.0,226096047610929.0
2016-12-04,205367764009906.0,146118789020492.0
2016-12-05,360443830709602.0,322923869429525.0
2016-12-06,421576236570594.0,333081230899737.0
2016-12-07,1.10429229040637e+15,585968904796167.0
2016-12-08,997694355553710.0,511749087727673.0
2016-12-09,784073955041205.0,421442043053407.0
2016-12-10,986908361985502.0,593869050109078.0
2016-12-11,1.0209951862093e+15,655484765507558.0
2016-12-12,780549563911370.0,818923951526973.0
2016-12-13,436837161838735.0,418083378472177.0
2016-12-14,353515167075611.0,356117303868546.0
2016-12-15,230785362297156.0,281751788369622.0
2016-12-16,203936633869513.0,376924135038146.0
2016-12-17,191024674844990.0,330878503956654.0
2016-12-18,173319736229768.0,281446115819932.0
2016-12-19,141892634691776.0,245053837545083.0
2016-12-20,41149115521381.1,62605774333057.2
2016-12-21,383016577951044.0,511975833872363.0
2016-12-22,244141460825310.0,374499044683554.0
2016-12-23,111138468397345.0,167643781547916.0
2016-12-24,327229317695168.0,464540529461838.0
2016-12-25,133896926129665.0,208187482537605.0
2016-12-26,80609145868622.9,140332825614521.0
2016-12-27,150566981875710.0,301243229619497.0
2016-12-28,135656601890137.0,173540447597267.0
2016-12-29,139228001936379.0,158874692557278.0
2016-12-30,260110179834244.0,381636153478909.0
2016-12-31,268609863895981.0,484985205773059.0
2017-01-01,264650673990594.0,356472321837246.0
2017-01-02,426476600298535.0,443684759538013.0
2017-01-03,441750493695908.0,436576309117899.0
2017-01-04,514967387270415.0,535000883882557.0
2017-01-05,1.78999339360779e+15,526108973902777.0
2017-01-06,2.70193818375769e+15,823278014307188.0
2017-01-07,725194279762668.0,467210127254263.0
2017-01-08,4.24289288043095e+15,982438446038814.0
2017-01-09,3.55520619542138e+15,835087572834865.0
2017-01-10,3.58144694937065e+15,942971468781450.0
2017-01-11,4.65995789710115e+15,1.07202250486438e+15
2017-01-12,1.33874362377635e+15,720064441787584.0
2017-01-13,1.82850887645206e+15,567327436136490.0
2017-01-14,231046858269630.0,163774558935075.0
2017-01-15,671090438290116.0,533919810608786.0
2017-01-16,700611927154431.0,371553409316008.0
2017-01-17,289582631863240.0,283565828280643.0
2017-01-18,2.25874968757747e+15,731758627055200.0
2017-01-19,4.52241903675446e+15,1.23244493959874e+15
2017-01-20,549298066150181.0,535851271708931.0
2017-01-21,270262971356318.0,505973346518289.0
2017-01-22,293581238855126.0,704871887931379.0
2017-01-23,445211145672025.0,496324556947454.0
2017-01-24,337009939331421.0,408682866887865.0
2017-01-25,195017852747327.0,527179836270879.0
2017-01-26,505076614609364.0,688297417338039.0
2017-01-27,603128337727574.0,704148170650964.0
2017-01-28,593035127050165.0,587402276400498.0
2017-01-29,559150489490034.0,616424378554616.0
2017-01-30,627639525672590.0,724956118437615.0
2017-01-31,656966153311860.0,764608987580235.0
2017-02-01,488056884024684.0,733716108578449.0
2017-02-02,238497939223212.0,352209889880690.0
2017-02-03,518884320932455.0,518662061303066.0
2017-02-04,530018683451613.0,591468483627992.0
2017-02-05,615409418261865.0,760473293580437.0
2017-02-06,189544356260787.0,135096376764091.0
2017-02-09,1.51569199060574e+15,660297639354926.0
2017-02-10,1.20902208494603e+15,521390762449113.0
2017-02-11,326456055682161.0,382025720723243.0
2017-02-12,333076559961390.0,442975923815545.0
2017-02-13,419411644686930.0,503059297782197.0
2017-02-14,612229536026092.0,702240669028357.0
2017-02-15,455530421446040.0,763552147731221.0
2017-02-16,474518030641052.0,424327569167051.0
2017-02-17,753827200042857.0,639529407535697.0
2017-02-18,717342271171394.0,583711060729009.0
2017-02-19,875107912577525.0,350994687395495.0
2017-02-20,1.42170018755305e+15,463314817125510.0
2017-02-21,547350490880938.0,242188220403920.0
2017-02-22,2.44496850575651e+15,941907907738771.0
2017-02-23,2.24001028610017e+15,858153788637238.0
2017-02-24,2.28147786253013e+15,900738445856684.0
2017-02-25,2.23878503087048e+15,1.02176158757225e+15
2017-02-26,568004821960939.0,976594347094112.0
2017-02-27,781765684763845.0,994855855254265.0
2017-02-28,497563994961146.0,522086247347089.0
2017-03-01,264524739638120.0,270685625065627.0
2017-03-02,139734199132539.0,105699352316855.0
2017-03-03,251042512418419.0,155333648460707.0
2017-03-04,626173436467910.0,474606352607944.0
2017-03-05,957232462935122.0,515235636675584.0
2017-03-06,1.09587760924769e+15,543939244264657.0
2017-03-07,1.65759010433235e+15,808413991198550.0
2017-03-08,1.2790094066076e+15,559658049775714.0
2017-03-09,2.25484401277036e+15,908735872373522.0
2017-03-10,1.6961242712997e+15,679683737921070.0
2017-03-11,723753592695051.0,732804703602635.0
2017-03-12,790214372409594.0,483481796800968.0
2017-03-13,788918520457879.0,700835811645345.0
2017-03-14,715972111970171.0,986494652038653.0
2017-03-15,668815574962683.0,974556756922974.0
2017-03-16,709143805066343.0,886785362946930.0
2017-03-17,785760025265634.0,739104941222436.0
2017-03-18,896662500260402.0,752983344919981.0
2017-03-19,497100763078037.0,506864311918060.0
2017-03-20,846912775985029.0,689114189242921.0
2017-03-21,359180287836207.0,229364459895733.0
2017-03-22,88075726667447.5,72680766384931.4
2017-03-23,280849719452559.0,163466606920719.0
2017-03-24,2.87803856927659e+15,267223434225852.0
2017-03-25,752497692527978.0,381354858676429.0
2017-03-26,550238826357930.0,392229561019814.0
2017-03-27,1.09344766205225e+15,316877594557830.0
2017-03-28,676635731815317.0,339384144648445.0
2017-03-29,702227275764737.0,424062540960341.0
2017-03-30,724013427094628.0,287804382600957.0
2017-03-31,659826240746771.0,409120853561279.0
2017-04-01,471093458183652.0,337896515145690.0
2017-04-02,270586366352260.0,192977449314097.0
2017-04-03,499286012842554.0,231860624886619.0
2017-04-04,330615390954894.0,266164109732791.0
2017-04-05,561978980421416.0,345690918907944.0
2017-04-06,519774926770265.0,245894120535551.0
2017-04-07,736615794099453.0,142509599975783.0
2017-04-08,373970410639237.0,396090403580611.0
2017-04-09,1.44685292479527e+15,574153330527017.0
2017-04-10,941452196791588.0,381409702910004.0
2017-04-11,1.05692520981826e+15,546280830960741.0
2017-04-12,527385317826934.0,3.05049345355504e+15
2017-04-13,622262684842771.0,407807703160913.0
2017-04-14,1.01704596506297e+15,224171241045961.0
2017-04-15,668069897985074.0,1.43817124327764e+15
2017-04-16,372407117353403.0,2.62923534674802e+15
2017-04-17,609097825635042.0,2.69957359109522e+15
2017-04-18,499902701193315.0,474280154557385.0
2017-04-19,242462015854236.0,440051192781125.0
2017-04-20,474363148215622.0,948199107025029.0
2017-04-21,536796343337585.0,3.02468216548822e+15
2017-04-22,515579157546522.0,3.78642653170461e+15
2017-04-23,536458569856530.0,3.14744123272161e+15
2017-04-24,359707408430849.0,4.2875870920334e+15
2017-04-25,694708387818383.0,6.98785496369367e+15
2017-04-26,581258638171352.0,1.9194804479707e+15
2017-04-27,850058934049550.0,920002397267715.0
2017-04-28,645994619527973.0,1.0063277224622e+15
2017-04-29,903951625167402.0,627943915411865.0
2017-04-30,713968439591931.0,1.02903519418667e+15
2017-05-01,1.04354892318214e+15,576956605594937.0
2017-05-02,812118973219251.0,1.16664112726314e+15
2017-05-03,915533637161567.0,983527357034461.0
2017-05-04,549081868259716.0,392260375213787.0
2017-05-05,874601971140449.0,1.93807633230502e+15
2017-05-06,589961414568643.0,841671856270239.0
2017-05-07,877178548583499.0,438494557611625.0
2017-05-08,634941719758441.0,868051586476967.0
2017-05-09,722186082885960.0,1.05993542624966e+15
2017-05-10,688782667203238.0,630476486191148.0
2017-05-11,671578184938475.0,612884991276185.0
2017-05-12,867110463143698.0,547157754618542.0
2017-05-13,1.30803090508477e+15,552862085602422.0
2017-05-14,1.40254907063551e+15,760465028901950.0
2017-05-15,795760086247067.0,556889326040368.0
2017-05-16,111658228096465.0,98262525625853.6
2017-05-17,485459172613908.0,330133544923187.0
2017-05-18,737776067819632.0,889651610679989.0
2017-05-19,794551492932544.0,527033054018981.0
2017-05-20,650685724640390.0,728886516628044.0
2017-05-21,736187947627857.0,387799770078679.0
2017-05-22,1.91293599544281e+15,495385659558754.0
2017-05-23,3.1681540773117e+15,475884289187366.0
2017-05-24,1.29729505447247e+15,775192831742376.0
2017-05-25,669110781696178.0,589084598910914.0
2017-05-26,559548932072086.0,522572238967570.0
2017-05-27,676242023349621.0,785050152874910.0
2017-05-28,856538572172543.0,750677841464438.0
2017-05-29,654886618291672.0,702339664921270.0
2017-05-30,1.14391848942191e+15,662957708070504.0
2017-05-31,995174390758210.0,718978984248462.0
2017-06-01,3.29432944104326e+15,1.06246831715389e+15
2017-06-02,2.49513979949342e+15,1.12466088981981e+15
2017-06-03,1.46524354112226e+15,959860177051697.0
2017-06-04,938635334653675.0,833786728157890.0
2017-06-05,902959833915130.0,809423109277522.0
2017-06-06,869627782758415.0,592090311752182.0
2017-06-07,802344466475145.0,515511831014181.0
2017-06-08,981780999865059.0,833074286582940.0
2017-06-09,872340933211298.0,553667788953761.0
2017-06-10,1.24170801771036e+15,346815505748628.0
2017-06-11,520280364163560.0,215765464990719.0
2017-06-12,1.0429246343777e+15,588520881999087.0
2017-06-13,609499611288818.0,884300794065169.0
2017-06-14,550985010631538.0,613152843206368.0
2017-06-15,511991484016608.0,487237386978495.0
2017-06-16,896722332547573.0,538098115255772.0
2017-06-17,665285960304030.0,908270538340732.0
2017-06-18,981642027412563.0,552006805194372.0
2017-06-19,475085449909549.0,709314221881013.0
2017-06-20,1.34148647403255e+15,952429260389119.0
2017-06-21,1.01775221980292e+15,525414079271325.0
2017-06-22,440113259909131.0,233149427623320.0
2017-06-23,522309167318160.0,374551554396968.0
2017-06-24,341179372387030.0,357062908773984.0
2017-06-25,473431954800253.0,825340314057676.0
2017-06-26,694615777008858.0,527572043054743.0
2017-06-27,999253931696578.0,471962645768167.0
2017-06-28,576794718593665.0,892141108052266.0
2017-06-29,983402881038393.0,341248231015549.0
2017-06-30,4.38742839015125e+15,502692759288598.0
2017-07-01,2.56663361216874e+15,315382095276555.0
2017-07-02,796599771993009.0,266410270994581.0
2017-07-03,865261447920895.0,443469128391894.0
2017-07-04,846581685616450.0,674432987477224.0
2017-07-05,338311955999907.0,323403942741783.0
2017-07-06,1.0150130544928e+15,602647481699791.0
2017-07-07,1.1874957110741e+15,655368517160755.0
2017-07-08,887851523549628.0,357839197904246.0
2017-07-09,766122898994801.0,441841090387435.0
2017-07-10,689985472541450.0,375072640312967.0
2017-07-11,912348456700198.0,555161871928696.0
2017-07-12,659749346945836.0,522728537956654.0
2017-07-13,466229460081837.0,480870416869341.0
2017-07-14,508215823707060.0,425403877861782.0
2017-07-15,289584261481330.0,341356211445258.0
2017-07-16,294512042682455.0,381865603053374.0
2017-07-17,363821719905171.0,536696607748072.0
2017-07-18,339361137211788.0,538286819375865.0
2017-07-19,608736824268639.0,1.19259637239728e+15
2017-07-20,1.11937068062216e+15,1.38165326883763e+15
2017-07-21,654713813313873.0,803692210869255.0
2017-07-22,531216493597438.0,846106024451443.0
2017-07-23,1.1303612613942e+15,848645221030289.0
2017-07-24,2.15561597644448e+15,736182625055294.0
2017-07-25,1.49821164164444e+15,827799408736975.0
2017-07-26,1.15381821071373e+15,747824393444218.0
2017-07-27,1.21605755239544e+15,550768576434966.0
2017-07-28,1.08497199195962e+15,581736319721125.0
2017-07-29,1.15780379095063e+15,740537945899852.0
2017-07-30,993653698714393.0,271594820211189.0
2017-07-31,785065248294357.0,394303765154682.0
2017-08-01,482682770456730.0,380904324640843.0
2017-08-02,267966744599793.0,218699758542205.0
2017-08-03,436071847097843.0,412364771233033.0
2017-08-04,384534023004773.0,490999943161776.0
2017-08-05,323833921373267.0,380170577663202.0
2017-08-06,304833402234072.0,279620469000818.0
2017-08-07,515864020023554.0,502536677969171.0
2017-08-08,111590653036572.0,154686136929723.0
2017-08-09,126405460987569.0,86485451139140.0
2017-08-10,320453558450162.0,115921337867740.0
2017-08-11,300943009625003.0,304244063744227.0
2017-08-12,626197575596486.0,308639890399068.0
2017-08-13,375538888712414.0,265634375631525.0
2017-08-14,1.22176608610884e+15,335714006910273.0
2017-08-15,573161077225285.0,424316956995553.0
2017-08-16,578059738460261.0,495490195413513.0
2017-08-17,550009297725555.0,424910301693345.0
2017-08-18,470278370731763.0,463485147494994.0
2017-08-19,366632595769868.0,474315643123742.0
2017-08-20,416916715749467.0,448391319802674.0
2017-08-21,433858435185300.0,539553155224737.0
2017-08-22,570231820241557.0,509846117955244.0
2017-08-23,512471565521048.0,665175789719020.0
2017-08-24,578717624619906.0,539104892733497.0
2017-08-25,517893688024739.0,407671716832302.0
2017-08-26,427323507877159.0,352618617808773.0
2017-08-27,419949082709104.0,329761154962577.0
2017-08-28,527413985014151.0,321628854857798.0
2017-08-29,755092009407290.0,396915287995893.0
2017-08-30,680760585732827.0,434720743892210.0
2017-08-31,621459519648495.0,408894973081477.0
2017-09-01,5944167014642.1,5471476841402.55
2017-09-05,0.0,0.0
2017-09-06,141426801910032.0,136335767972633.0
2017-09-07,568810603772168.0,460539596501329.0
2017-09-08,536070489833176.0,496498602214642.0
2017-09-09,816312219318659.0,395439572058947.0
2017-09-10,465473878275973.0,404676486750619.0
2017-09-11,600012770825501.0,532269088156748.0
2017-09-12,653262939004130.0,570093407562855.0
2017-09-13,582951194233604.0,887796891151037.0
2017-09-14,527731169716702.0,655881830106026.0
2017-09-15,801455087937054.0,666929549179713.0
2017-09-16,515072851837571.0,670349753001940.0
2017-09-17,1.08884259106421e+15,585644098473137.0
2017-09-18,733405888772644.0,836731314865988.0
2017-09-19,732689440334097.0,594837162646040.0
2017-09-20,694111604432684.0,444759287609563.0
2017-09-21,543910113750382.0,1.36390790772583e+15
2017-09-22,592144234051891.0,659164779523290.0
2017-09-23,772905653987317.0,739940244635999.0
2017-09-24,630600783348309.0,518389652357382.0
2017-09-25,685819805436105.0,745405140478078.0
2017-09-26,1.58716219115308e+15,1.37476990092375e+15
2017-09-27,1.03431446687981e+15,890408913633942.0
2017-09-28,891701027230417.0,598791799403021.0
2017-09-29,1.0650702696052e+15,519039918591248.0
2017-09-30,1.397021538048e+15,470987074409473.0
2017-10-01,714900478411574.0,524557912037301.0
2017-10-02,666531351899452.0,451280822057388.0
2017-10-03,673773499662745.0,487556165506229.0
2017-10-04,805180478918033.0,552237316328678.0
2017-10-05,755280672830347.0,523376794839973.0
2017-10-06,337634828318002.0,288121539840307.0
2017-10-09,120264981134393.0,102893535508742.0
2017-10-10,557709327262656.0,444250339533981.0
2017-10-11,593823429282701.0,537786890949548.0
2017-10-12,387320180048393.0,601086505871013.0
2017-10-13,672673576210709.0,455351569701585.0
2017-10-14,351496315862486.0,390890362620459.0
2017-10-15,330734474306793.0,333845697266201.0
2017-10-16,342849155557496.0,366279301298281.0
2017-10-17,1.22239810782889e+15,475779817489512.0
2017-10-18,453940039514073.0,347630003701035.0
2017-10-19,359101008148853.0,322750451814055.0
2017-10-20,386514007186749.0,700204263443031.0
2017-10-21,249839106341331.0,813153987202883.0
2017-10-22,487060664495740.0,1.95031632806978e+15
2017-10-23,526625183189719.0,663057130227007.0
2017-10-24,596007357502399.0,932302639930050.0
2017-10-25,602851850811299.0,771144408169832.0
2017-10-26,448560078598909.0,1.21014684859058e+15
2017-10-27,574718043519297.0,813768243841947.0
2017-10-28,567157193591531.0,510617732739385.0
2017-10-29,578607182914955.0,741673781848489.0
2017-10-30,1.52337434596396e+15,1.2308483278782e+15
2017-10-31,1.73383323543526e+15,840805494994377.0
2017-11-01,682914517274917.0,834634568298300.0
2017-11-02,1.11818257739515e+15,1.1874692723717e+15
2017-11-03,656338267332000.0,525469082564160.0
2017-11-04,2.9475274076346e+15,722250253214059.0
2017-11-06,502360275478748.0,514308846547588.0
2017-11-07,1.05790135492546e+15,546607797491755.0
2017-11-08,428637528348643.0,570821808080796.0
2017-11-09,570255038563137.0,459842864453174.0
2017-11-10,827201214368246.0,427653039037016.0
2017-11-11,461895929376587.0,829711546263022.0
2017-11-12,441394211783058.0,546630263193158.0
2017-11-13,1.06418443142112e+15,814964298764854.0
2017-11-14,1.02190000296227e+15,1.32738821249906e+15
2017-11-15,860794444227796.0,1.30682992202672e+15
2017-11-16,1.3427650618393e+15,1.08331191120072e+15
2017-11-17,1.17701589322071e+15,941458934797495.0
2017-11-18,1.50492167325592e+15,1.04599149131191e+15
2017-11-19,1.11797988150373e+15,564792460364646.0
2017-11-20,1.16377099715183e+15,889074042290401.0
2017-11-21,900273370279811.0,887368643850464.0
2017-11-22,685432979596679.0,399950576423182.0
2017-11-23,1.26812090409051e+15,543307018698581.0
2017-11-24,968207559277565.0,846363150485287.0
2017-11-25,2.11331822487284e+15,643092950447432.0
2017-11-26,1.65547585317299e+15,1.05652613857665e+15
2017-11-27,981131563517409.0,843163303691376.0
2017-11-28,952123455336230.0,926721667545348.0
2017-11-29,1.14883050069634e+15,757635406207921.0
2017-11-30,1.30238620224917e+15,970837613742345.0
2017-12-01,821140118609563.0,772699384186117.0
2017-12-02,910771457646306.0,732677968804848.0
2017-12-03,663289964040348.0,703222449602693.0
2017-12-04,721457693768521.0,493231594162124.0
2017-12-05,1.34175171115857e+15,727874047931806.0
2017-12-06,1.10704331690216e+15,675385566571898.0
2017-12-07,740893515018500.0,808366365270290.0
2017-12-08,690145740160692.0,667398398984009.0
2017-12-09,1.14143113893654e+15,890382407359724.0
2017-12-10,1.24577813197367e+15,600822463447620.0
2017-12-11,1.0008918764624e+15,775061699898333.0
2017-12-12,1.22865592721827e+15,648463927008379.0
2017-12-13,1.34358327079114e+15,789525050129593.0
2017-12-14,786813918456202.0,416752670654849.0
2017-12-15,941085923368812.0,551018640186744.0
2017-12-16,1.28143182421665e+15,657614963856981.0
2017-12-17,1.41683188912685e+15,841262245199817.0
2017-12-18,828438486786656.0,758454050114271.0
2017-12-19,723386460640687.0,806546137862617.0
2017-12-20,1.13517872597564e+15,584114534429459.0
2017-12-21,1.0861833786346e+15,1.08579367006994e+15
2017-12-22,911175776890706.0,866206251799738.0
2017-12-23,1.11208356828796e+15,1.04794939736259e+15
2017-12-24,1.27573118778072e+15,1.38278130098495e+15
2017-12-25,1.2603834723169e+15,1.26281284654296e+15
2017-12-26,969004919285120.0,673982076452463.0
2017-12-27,833599374497562.0,952431724719586.0
2017-12-28,809224093226451.0,790243902677122.0
2017-12-29,837717503859305.0,1.0969885598654e+15
2017-12-30,588144849789860.0,768407849142551.0
2017-12-31,695009209268142.0,1.00137826308011e+15
2018-01-01,718731421020093.0,588364510438120.0
2018-01-02,1.102099394953e+15,697783492826520.0
2018-01-03,757160331642491.0,1.0779171048294e+15
2018-01-04,714150643064123.0,1.09403211943089e+15
2018-01-05,1.14758548471591e+15,904469998337594.0
2018-01-06,1.20624182087084e+15,888438759708126.0
2018-01-07,1.33739072652722e+15,991029997558879.0
2018-01-09,41218150687560.6,6744806603594.58
2018-01-10,625393046342605.0,492941113427735.0
2018-01-11,731880268607504.0,594698158994675.0
2018-01-12,1.44927301690407e+15,931036521988102.0
2018-01-13,495937179871226.0,411253331529964.0
2018-01-14,289410518725369.0,195045978267773.0
2018-01-15,109034168767106.0,64544794607072.7
2018-01-16,108691093172772.0,130892997244154.0
2018-01-17,598912499295556.0,595806489270051.0
2018-01-18,824478222748049.0,668488751277526.0
2018-01-19,966566177490601.0,903351023256295.0
2018-01-20,1.0364886582557e+15,864893286837848.0
2018-01-21,929682874970548.0,821369081880848.0
2018-01-22,1.41484142370008e+15,1.13613201530019e+15
2018-01-23,901850269966491.0,775466785916443.0
2018-01-24,1.01179806754994e+15,809376873403895.0
2018-01-25,1.89345875617778e+15,1.67680236344322e+15
2018-01-26,1.54813211554849e+15,1.03411099913099e+15
2018-01-27,717181373933608.0,808124648065718.0
2018-01-28,1.25354966929581e+15,1.10807017381027e+15
2018-01-29,1.22295279021301e+15,1.05917552499526e+15
2018-01-30,520193452367500.0,427274713315443.0
2018-02-07,25963455639450.6,14142558428235.3
2018-02-08,682531237342084.0,471679704057250.0
2018-02-09,1.23270847740459e+15,803272116970024.0
2018-02-10,1.52811538074749e+15,1.02572016848652e+15
2018-02-11,1.1780985585182e+15,675632795245147.0
2018-02-12,979842767877508.0,755146956167103.0
2018-02-13,1.69226689998483e+15,641228415743893.0
2018-02-14,1.57146185520325e+15,1.20450749668705e+15
2018-02-15,1.56192417501914e+15,1.42034464778659e+15
2018-02-16,1.53483733278425e+15,680923033918909.0
2018-02-17,1.67613009271185e+15,1.83414297452754e+15
2018-02-18,1.65367725367478e+15,1.06017485552595e+15
2018-02-19,2.09281023612341e+15,1.70960792218351e+15
2018-02-20,2.57902163044138e+15,1.90311175030184e+15
2018-02-21,3.26984584030592e+15,1.44720704586692e+15
2018-02-22,3.02945139285145e+15,877421960726103.0
2018-02-23,1.75422154923341e+15,712891803569819.0
2018-02-24,2.55043179096064e+15,712506478343056.0
2018-02-25,2.71488698909901e+15,1.11515515179114e+15
2018-02-26,1.19000038796902e+15,1.75427277044019e+15
2018-02-27,1.10859426740634e+15,1.53034607081775e+15
2018-02-28,975306965016576.0,785391599310920.0
2018-03-01,868912172781568.0,670481130128959.0
2018-03-02,924588080660480.0,567165901175937.0
2018-03-03,872996399247360.0,1.54428378746382e+15
2018-03-04,1.60806715600486e+15,715937437546836.0
2018-03-05,735732882604032.0,594729857639596.0
2018-03-06,1.03931592251392e+15,877040762977879.0
2018-03-07,1.57971524458906e+15,907015017479356.0
2018-03-08,1.57673835718656e+15,809204145587247.0
2018-03-09,2.12314471818854e+15,1.14161286356739e+15
2018-03-10,1.93479848175206e+15,919626593224055.0
2018-03-11,1.27333971733709e+15,683071095129447.0
2018-03-12,1.42070496078234e+15,835831875738962.0
2018-03-13,1.19029695945114e+15,1.22744737720634e+15
2018-03-14,1.1565278139351e+15,1.14132202347109e+15
2018-03-15,1.84047054419149e+15,837544426958978.0
2018-03-16,1.677810698752e+15,803857044755576.0
2018-03-17,1.0123574417408e+15,799712862816220.0
2018-03-18,1.06689703036518e+15,1.17862517542352e+15
2018-03-19,1.73252400749363e+15,1.07963290675146e+15
2018-03-20,2.23566156192154e+15,907825070380111.0
2018-03-21,2.22779775711642e+15,1.18183059903608e+15
2018-03-22,1.93056296044134e+15,1.03860718656807e+15
2018-03-23,1.27305742777958e+15,713419326852696.0
2018-03-24,1.17029951055053e+15,744153277687765.0
2018-03-25,2.17091752871936e+15,483275469996393.0
2018-03-26,1.24803965036954e+15,757973188080608.0
2018-03-27,1.76404243416678e+15,1.13621281050035e+15
2018-03-28,2.34325103079424e+15,1.54830308084792e+15
2018-03-29,1.34683419186381e+15,974357949774378.0
2018-03-30,1.16654356685619e+15,1.50850726558544e+15
2018-03-31,1.00303508885914e+15,786039938414707.0
2018-04-01,946488255918080.0,1.38420093609127e+15
2018-04-02,643470348312576.0,860522750852817.0
2018-04-03,721444818472960.0,1.19609292398876e+15
2018-04-04,1.07926176135987e+15,1.3966771536268e+15
2018-04-05,961200115044352.0,867458603513860.0
2018-04-06,1.13893601589658e+15,1.46557192664048e+15
2018-04-07,1.23302324390298e+15,1.60331606432097e+15
2018-04-08,1.43725564423782e+15,663963000927018.0
2018-04-09,1.55042576196403e+15,1.07370301841985e+15
2018-04-10,1.30521103280538e+15,1.22867249475411e+15
2018-04-11,2.76440263671398e+15,1.57070316522501e+15
2018-04-12,2.72853336887706e+15,1.66791412360675e+15
2018-04-13,1.35378705005773e+15,1.79105269243308e+15
2018-04-14,1.38768828483174e+15,662580547019902.0
2018-04-15,1.41229411667968e+15,825836256747583.0
2018-04-16,912149618855936.0,552313853295588.0
2018-04-17,1.31065144239309e+15,766762827180651.0
2018-04-18,249779253555200.0,155988222638672.0
2018-04-19,1.2144806181888e+15,761689178939936.0
2018-04-20,306037134487552.0,306868397653976.0
2018-04-21,959267668623360.0,619247153278622.0
2018-04-22,1.0159999414313e+15,791043928985533.0
2018-04-23,989036694626304.0,517431853991969.0
2018-04-24,790743485874176.0,452804662481114.0
2018-04-25,849546671140864.0,827782605358676.0
2018-04-26,981741459238912.0,600928853758056.0
2018-04-27,850552487960576.0,569178931847506.0
2018-04-28,1.55840817185178e+15,495080911759460.0
2018-04-29,1.09454034261606e+15,503275221144913.0
2018-04-30,867077681451008.0,487942590424641.0
2018-05-01,760772115357696.0,600420033313844.0
2018-05-02,942091513917440.0,752838540123197.0
2018-05-03,289512134041600.0,266439033459445.0
2018-05-04,822520249778176.0,655198445022829.0
2018-05-05,763242759749632.0,648912637306000.0
2018-05-06,754043766853632.0,472508794018465.0
2018-05-07,1.17747786228941e+15,625631330474375.0
2018-05-08,581888465747968.0,332601732856000.0
2018-05-09,589338153828352.0,374400646687349.0
2018-05-10,1.03564535856333e+15,607303402359688.0
2018-05-11,837997295349760.0,500181037842309.0
2018-05-12,658200156454912.0,314606700947724.0
2018-05-13,733545614036992.0,622269321423116.0
2018-05-14,963079917137920.0,601785027942457.0
2018-05-15,892099150114816.0,445630325263814.0
2018-05-16,534891969679360.0,402942847061527.0
2018-05-17,746599702142976.0,379548366367104.0
2018-05-18,2.68246501002035e+15,425209505551372.0
2018-05-19,1.21509601580646e+15,503764370374281.0
2018-05-20,2.52446553644646e+15,486181042171152.0
2018-05-21,927153175138304.0,401612774148623.0
2018-05-22,715104509005824.0,962578544968756.0
2018-05-23,611903950585856.0,1.1087125523024e+15
2018-05-24,1.16656281279693e+15,404795537828915.0
2018-05-25,2.39542659263283e+15,1.0310113550402e+15
2018-05-26,1.02530746601472e+15,1.19719071556101e+15
2018-05-27,375242596229120.0,402589926141653.0
2018-05-28,365167520436224.0,550520529495221.0
2018-05-29,688677114429440.0,598803230969442.0
2018-05-30,474228315652096.0,464316353453187.0
2018-05-31,544097503694848.0,463695116513239.0
2018-06-01,387385279627264.0,438703561839732.0
2018-06-02,410303747358720.0,538042425126575.0
2018-06-03,384018249981952.0,297783999915275.0
2018-06-04,502124463243264.0,345664584265685.0
2018-06-05,581827665649664.0,475125957273048.0
2018-06-06,1.34603554117222e+15,482308367115102.0
2018-06-07,1.27199288065229e+15,1.44602381164174e+15
2018-06-08,1.1261298589737e+15,914192818702960.0
2018-06-09,850288586924032.0,440807860774003.0
2018-06-10,562341932457984.0,294010107010477.0
2018-06-11,710678838071296.0,465000102645775.0
2018-06-12,1.67870621882368e+15,973372759085203.0
2018-06-13,1.27941408790938e+15,249175440916920.0
2018-06-14,1.49426597547213e+15,60202258350200.0
2018-06-15,198770679836672.0,133218223319132.0
2018-06-16,390236027670528.0,377902151864445.0
2018-06-17,1.35567262055629e+15,698884751452868.0
2018-06-18,800056662630400.0,423332397851088.0
2018-06-19,960292211286016.0,385259431778144.0
2018-06-20,47092269439899.6,55607178789544.4
2018-06-21,0.0,0.0
2018-06-22,0.0,0.0
2018-06-23,0.0,0.0
2018-06-24,0.0,0.0
2018-06-25,0.0,0.0
2018-06-26,0.0,0.0
2018-06-27,96570108911616.0,89883605229017.0
2018-06-28,358299533379214.0,268596673570322.0
2018-06-29,1.75960724578165e+15,1.26330013795508e+15
2018-06-30,357256837419008.0,911807862167768.0
2018-07-01,1.11223943903021e+15,500738543368639.0
2018-07-02,558167028490032.0,382299489914942.0
2018-07-03,691072549539840.0,437468225833148.0
2018-07-04,2.71290702186906e+15,465462586179083.0
2018-07-05,1.81711924161331e+15,584862245976383.0
2018-07-06,658122840072192.0,485293801420538.0
2018-07-07,2.11782273319091e+15,455525277744769.0
2018-07-08,1.51595373919846e+15,348051320573495.0
2018-07-09,890578640850944.0,515303507388006.0
2018-07-10,3.92281667196109e+15,863112064275628.0
2018-07-11,1.16601936753459e+15,265526925605311.0
2018-07-12,1.50041680687923e+15,512762128674672.0
2018-07-13,2.51643963720499e+15,510514354156336.0
2018-07-14,1.91690443887002e+15,538664611824051.0
2018-07-15,2.95271453690675e+15,502670844449118.0
2018-07-16,2.19816940582093e+15,642401432817958.0
2018-07-17,2.24462793115648e+15,781803978793534.0
2018-07-18,4.65969838462976e+15,1.00144713088764e+15
2018-07-19,1.17679650241741e+15,983593242849850.0
2018-07-20,1.23230201877709e+15,608970398221452.0
2018-07-21,6.70118931729613e+15,851171604563135.0
2018-07-22,7.07191734688973e+15,652768217182198.0
2018-07-23,2.17756160016794e+15,809715016756450.0
2018-07-24,3.35479552483738e+15,698421412237002.0
2018-07-25,1.75741137852826e+15,754252799103096.0
2018-07-26,2.91508948759757e+15,880749905215929.0
2018-07-27,1.23653484834406e+15,714242068299426.0
2018-07-28,848086574088192.0,867406392034891.0
2018-07-29,1.31491487419187e+15,549155900942118.0
2018-07-30,3.10031384386765e+15,745119780451650.0
2018-07-31,3.06054037030093e+15,642022754805405.0
2018-08-01,2.40466973464986e+15,727409544169907.0
2018-08-02,2.1288533675991e+15,822710495213109.0
2018-08-03,1.9238926967808e+15,467013170535493.0
2018-08-04,1.97458522930381e+15,280029504224219.0
2018-08-05,1.67749073003315e+15,428238433479722.0
2018-08-06,2.64470244179968e+15,424993911238613.0
2018-08-07,2.53147171736371e+15,513648233895705.0
2018-08-08,2.15052669180723e+15,706257306570984.0
2018-08-09,2.69049963937382e+15,520362883519029.0
2018-08-10,2.68163165912269e+15,440006930954288.0
2018-08-11,2.98825079051469e+15,341693886777146.0
2018-08-12,3.10619737499238e+15,356084334930100.0
2018-08-13,2.13107641932186e+15,554201393698212.0
2018-08-14,1.51990122372301e+15,436152992912253.0
2018-08-15,1.69358158392525e+15,392405106314311.0
2018-08-16,2.19484295673856e+15,517809692116213.0
2018-08-17,482427710431232.0,205558097091295.0
2018-08-20,2401756360704.0,8821869096.0
2018-08-22,681665607163904.0,189087887450192.0
2018-08-23,1.0314485898281e+15,399393196591518.0
2018-08-24,1.53120851997082e+15,327694392952424.0
2018-08-25,960520888233984.0,305104562210811.0
2018-08-26,998272835407872.0,461362298487333.0
2018-08-27,1.37428079316992e+15,386660253869657.0
2018-08-28,1.40622832374989e+15,413234628244332.0
2018-08-29,1.81597241719603e+15,641838264522451.0
2018-08-30,1.56192236401459e+15,488267132717977.0
2018-08-31,1.70887109755699e+15,595424194525065.0
2018-09-01,1.6804412242985e+15,215160497328967.0
2018-09-02,1.78218142992794e+15,330115939001751.0
2018-09-03,1.88022006139699e+15,473680972773839.0
2018-09-04,1.03971507461734e+15,461821257437821.0
2018-09-05,1.37763328346522e+15,627771871559618.0
2018-09-06,1.12528978998477e+15,562879152717335.0
2018-09-07,439227595575296.0,362427437417417.0
2018-09-08,380457601753088.0,325963754845280.0
2018-09-09,467771838885888.0,330681803457102.0
2018-09-10,824319031861248.0,235048599087476.0
2018-09-11,456793271513088.0,446130496476633.0
2018-09-12,1.06350123894374e+15,375609179467755.0
2018-09-13,586021985533952.0,326973724234237.0
2018-09-14,357762396229632.0,302571514681624.0
2018-09-15,884056319143936.0,323324994813580.0
2018-09-16,568250495668224.0,484942162690834.0
2018-09-17,1.0053509065728e+15,648537098415735.0
2018-09-18,630359188303872.0,468131589001591.0
2018-09-19,282367984631808.0,214921587219950.0
2018-09-20,1.07961140077773e+15,392031756100360.0
2018-09-21,1.26128654670643e+15,469690347955955.0
2018-09-22,483648857026560.0,349905515911600.0
2018-09-23,447422261362688.0,410081939147294.0
2018-09-24,673971202125824.0,561360036886125.0
2018-09-25,745233352179712.0,620641496317848.0
2018-09-26,643309244833792.0,637117271096822.0
2018-09-27,963750222442496.0,689362009469193.0
2018-09-28,727508778344448.0,791994506625062.0
2018-09-29,570053857517568.0,517098511613588.0
2018-09-30,460185907941376.0,378907204783032.0
2018-10-01,812203089793024.0,450894930564240.0
2018-10-02,1.02529685927117e+15,400156040710939.0
2018-10-03,1.27613926996787e+15,453220761800221.0
2018-10-04,660380145983488.0,438439030955103.0
2018-10-05,516598007652352.0,403937105419701.0
2018-10-06,399994725347328.0,334024168693195.0
2018-10-07,508294578778112.0,405738127848226.0
2018-10-08,513429863866368.0,401396111701194.0
2018-10-09,648419055128576.0,576776266320260.0
2018-10-10,828406385364992.0,576993355616335.0
2018-10-11,1.30156219029094e+15,926378610810493.0
2018-10-12,3.31244311626138e+15,2.13660058373788e+15
2018-10-13,1.53147182701773e+15,775651357931383.0
2018-10-14,4.58531466860134e+15,1.47207541505157e+15
2018-10-15,782393164541952.0,629231584428453.0
2018-10-16,2.64785317336678e+15,1.60727271453485e+15
2018-10-17,1.80304231274906e+15,805021629290757.0
2018-10-18,3.13950602551296e+15,1.00001004211808e+15
2018-10-19,829528054202368.0,539178650615845.0
2018-10-20,858172148973568.0,925735868875226.0
2018-10-21,1.8415935837143e+15,809479564528800.0
2018-10-22,729644102414336.0,680183373414388.0
2018-10-23,751206832963584.0,594446315659263.0
2018-10-24,983889970532352.0,566405519228665.0
2018-10-25,1.16427686722355e+15,685149159242777.0
2018-10-26,1.93205394529894e+15,1.01417497705087e+15
2018-10-27,904825871683584.0,720410975420872.0
2018-10-28,429928501698560.0,1.85186649648185e+15
2018-10-29,766728720510976.0,1.72610683753245e+15
2018-10-30,980841315778560.0,2.70295075182392e+15
2018-10-31,885936237805568.0,2.25920890788695e+15
2018-11-01,1.10660716147098e+15,2.02413587022499e+15
2018-11-02,1.88521807371878e+15,1.48168186643415e+15
2018-11-03,2.18902105759744e+15,796845028672577.0
2018-11-04,2.50547667886899e+15,886467008333010.0
2018-11-05,1.45766414262682e+15,1.1301602702034e+15
2018-11-06,1.35411342327398e+15,745856641577269.0
2018-11-07,1.40392424123187e+15,567767532012876.0
2018-11-08,1.79031046773555e+15,539128574357426.0
2018-11-09,1.50331599330918e+15,481948623073666.0
2018-11-10,1.87974158139392e+15,976661034404120.0
2018-11-11,1.56364839702938e+15,782276791757990.0
2018-11-12,1.121143163904e+15,703673402232442.0
2018-11-13,1.43277390601421e+15,1.08378383586651e+15
2018-11-14,1.81523616132301e+15,1.10349416104823e+15
2018-11-15,1.71196551344947e+15,1.14152156815851e+15
2018-11-16,2.07195908727194e+15,803456249130642.0
2018-11-17,2.21918459708211e+15,953057874882131.0
2018-11-18,4.34602848695091e+15,1.05165392711982e+15
2018-11-19,4.16085097898394e+15,1.5224080698802e+15
2018-11-20,1.93506272796262e+15,975476171710871.0
2018-11-21,1.13408957658317e+15,465888471586742.0
2018-11-22,970464704700416.0,661010284792193.0
2018-11-23,1.50341245012787e+15,853029631393219.0
2018-11-24,1.98227294271078e+15,460576684244129.0
2018-11-25,2.21725782119629e+15,387718018586470.0
2018-11-26,1.22340901589402e+15,616706549419583.0
2018-11-27,2.02461059692544e+15,565372489232650.0
2018-11-28,1.52605319701709e+15,481994347988136.0
2018-11-29,1.46310251569562e+15,505460623629302.0
2018-11-30,1.19149984521421e+15,532772569005561.0
2018-12-01,1.29075635236864e+15,462193228499325.0
2018-12-02,636037403754496.0,472827066016148.0
2018-12-03,878057739943936.0,443181110699062.0
2018-12-04,554915361013760.0,459278899134215.0
2018-12-05,449603372163072.0,397297844976969.0
2018-12-06,1.59593765014323e+15,597371590765478.0
2018-12-07,1.45996830934221e+15,528887179331839.0
2018-12-08,473791982387200.0,456298688422808.0
2018-12-09,1.22202704624026e+15,502079044682555.0
2018-12-10,1.94385461814477e+15,580169128247682.0
2018-12-11,2.28923513419366e+15,619946574188293.0
2018-12-12,1.40811672942182e+15,473963410851927.0
2018-12-13,1.01253352272691e+15,618617027624079.0
2018-12-14,1.28150649512755e+15,704142371688864.0
2018-12-15,983450753269760.0,636093215454972.0
2018-12-16,2.12998000134963e+15,548202102157811.0
2018-12-17,1.78604815511962e+15,727681685788748.0
2018-12-18,1.22881645909606e+15,841164572224217.0
2018-12-19,1.00791812445798e+15,342581444963589.0
2018-12-20,874209055453184.0,603628637236855.0
2018-12-21,946470739496960.0,1.15767646810876e+15
2018-12-22,1.72252492383437e+15,759752273319749.0
2018-12-23,2.0519367268311e+15,601662169447309.0
2018-12-24,708362845941760.0,2.35240325626904e+15
2018-12-25,611675135356928.0,1.56746994962127e+15
2018-12-26,521871023857664.0,2.17849494769962e+15
2018-12-27,453775774601216.0,2.59872640051027e+15
2018-12-28,539785899343872.0,3.09426437112705e+15
2018-12-29,1.06588348228403e+15,1.07854082124785e+15
2018-12-30,500655375912960.0,7.76949906131261e+15
2018-12-31,630240974577664.0,1.31184271646092e+15
2019-01-01,655622698065920.0,326799646999572.0
2019-01-02,718746146713600.0,337545854392644.0
2019-01-03,494144382836736.0,447418044128167.0
2019-01-04,654461782831104.0,459516282283531.0
2019-01-05,514392155119616.0,467851332611931.0
2019-01-06,710079873052672.0,503282039713316.0
2019-01-07,981598777294848.0,636172524969002.0
2019-01-08,720200318734336.0,621927164464646.0
2019-01-09,1.79186127284634e+15,660088595484134.0
2019-01-10,1.43610977087898e+15,507927631716084.0
2019-01-11,954570288820224.0,667913196147570.0
2019-01-12,617612559519744.0,537472098604172.0
2019-01-13,670948234579968.0,456956130034941.0
2019-01-14,1.85768749515571e+15,850842905163833.0
2019-01-15,1.59806722081178e+15,803933340737242.0
2019-01-16,1.95321384444314e+15,579308688348500.0
2019-01-17,1.60961796701389e+15,565580829000629.0
2019-01-18,1.80096269799834e+15,564184758204111.0
2019-01-19,1.71339314423808e+15,500174683028301.0
2019-01-20,2.59705776284058e+15,515468108465301.0
2019-01-21,1.23180958708122e+15,415964849870343.0
2019-01-22,1.49153099486413e+15,422703590061571.0
2019-01-23,1.34088269871104e+15,593709798395215.0
2019-01-24,1.16181339780301e+15,568463621465850.0
2019-01-25,1.11675285843968e+15,601171792659483.0
2019-01-26,1.15059198991974e+15,621980889848532.0
2019-01-27,2.20064213746483e+15,737214924502234.0
2019-01-28,2.94842422557082e+15,428726324370518.0
2019-01-29,1.74169307723366e+15,411737621347106.0
2019-01-30,1.7506645069824e+15,535067364451379.0
2019-01-31,1.70616124105114e+15,705317709738762.0
2019-02-01,994142680502272.0,515915764368257.0
2019-02-02,1.79149076296909e+15,581089571149621.0
2019-02-03,977413951369216.0,301705406060273.0
2019-02-04,1.57706047952486e+15,443250900486362.0
2019-02-05,951808020656128.0,2.21900509156273e+15
2019-02-06,610414658113536.0,748012919414110.0
2019-02-07,1.52512090678067e+15,940225559927049.0
2019-02-08,1.77330375041024e+15,971202519771464.0
2019-02-09,961647979859968.0,709049302712484.0
2019-02-10,1.17363757370163e+15,630222505076080.0
2019-02-11,1.53547322223411e+15,523195206600838.0
2019-02-12,1.54043691225088e+15,819910432003817.0
2019-02-13,1.15308869528371e+15,780288580542322.0
2019-02-14,746580309598208.0,525698338437466.0
2019-02-15,1.25100126057267e+15,508323518371932.0
2019-02-16,1.76089808269312e+15,664532948535450.0
2019-02-17,2.72262157443482e+15,601920417861055.0
2019-02-18,1.21442710829056e+15,522917313683770.0
2019-02-19,2.07432742629786e+15,481273584785024.0
2019-02-20,1.67249093515264e+15,507829631494978.0
2019-02-21,1.32856174488781e+15,481376480651067.0
2019-02-22,3.48151309222707e+15,741655166902764.0
2019-02-23,1.98131948027494e+15,542085459438452.0
2019-02-24,1.59580871961805e+15,522812732616039.0
2019-02-25,609512315621376.0,603468786303786.0
2019-02-26,2.83097768677376e+15,553937681755810.0
2019-02-27,791461685055488.0,440859885156986.0
2019-02-28,2.37483036420096e+15,801722717304904.0
2019-03-01,1.87742682481459e+15,589096343068007.0
2019-03-02,1.50586573544243e+15,606338997593841.0
2019-03-03,1.07768169162342e+15,393915595790125.0
2019-03-04,2.29176913811456e+15,610964880508484.0
2019-03-05,2.01064660914586e+15,811582119979361.0
2019-03-06,1.92132773558682e+15,621879919423574.0
2019-03-07,1.04004411793408e+15,396124279283255.0
2019-03-08,982735415517184.0,592650428079420.0
2019-03-09,1.13756533533901e+15,543361205144690.0
2019-03-10,1.14877219068723e+15,366214338776154.0
2019-03-11,2.14658785081344e+15,348186062141872.0
2019-03-12,2.64930933337293e+15,751351575629208.0
2019-03-13,928264911028224.0,256858188729196.0
2019-03-14,964668108959744.0,730426486124609.0
2019-03-15,3.11723704721818e+15,976874130754327.0
2019-03-16,1.92910829943603e+15,557947918608364.0
2019-03-17,2.71020720105472e+15,721299845245286.0
2019-03-18,2.97414965823488e+15,721287771448114.0
2019-03-19,2.19815320429773e+15,699610497049020.0
2019-03-20,1.66395183584461e+15,1.97866821656622e+15
2019-03-21,2.2398174768169e+15,1.11834689928484e+15
2019-03-22,1.78473698634547e+15,751613483218751.0
2019-03-23,1.85943862180659e+15,825214859310958.0
2019-03-24,3.36675349617869e+15,701538947424607.0
2019-03-25,2.87917531000422e+15,1.83189714314131e+15
2019-03-26,2.90314155428659e+15,1.14056137345175e+15
2019-03-27,1.95053606832947e+15,2.16358308544812e+15
2019-03-28,1.50493537001882e+15,1.90187722717636e+15
2019-03-29,2.54877805061325e+15,566890788213356.0
2019-03-30,1.3272876586025e+15,763416066115483.0
2019-03-31,2.84103185804493e+15,543781877775406.0
2019-04-01,1.48041984380928e+15,753136439521765.0
2019-04-02,1.01575350397338e+15,2.18338828475534e+15
